reference;periode;type_document;parties;description_contenu;depose_par;date_depot;date_execution;criticite;montant;droit_ubi_paye;statut;source_registre
PR-III-397-006;archives;Contrat de protection;Sfaal ↔ Il-Irion;Escorte armée de poudres alchimiques et d'ingrédients magiques entre deux comptoirs;;397-III-05;397-VI-16;III;7'400 couronnes;148 couronnes;Exécuté, soldé, classé;registre_UBI_Contrats_archives.md
CO-I-397-001;archives;Contrat commercial;Sfaal ↔ Palyr;Vente de chanvre, cordage fin et grosses aussières;;397-V-14;397-VII-23;I;3'850 couronnes;77 couronnes;Exécuté, soldé, classé;registre_UBI_Contrats_archives.md
CO-II-397-004;archives;Contrat commercial;Il-Irion ↔ Palyr;Vente de cuirasses légères, casques rivetés et brassards de garde;;397-VI-12;397-VII-22;II;11'150 couronnes;223 couronnes;Exécuté, soldé, classé;registre_UBI_Contrats_archives.md
CO-I-397-002;archives;Contrat commercial;Ther-Félis ↔ Sfaal;Achat de laine brute, fil teint et aiguilles d'atelier;;397-VIII-20;397-XI-04;I;4'650 couronnes;93 couronnes;Exécuté, soldé, classé;registre_UBI_Contrats_archives.md
EC-III-397-007;archives;Contrat d'exclusivité;Il-Irion ↔ Sfaal;Alliance industrielle sur la fabrication de serrures à double empreinte et coffres de transit;;397-IX-09;397-X-18;III;6'150 couronnes;123 couronnes;Exécuté, soldé, classé;registre_UBI_Contrats_archives.md
PB-III-397-009;archives;Contrat de prêt bancaire;UBI ↔ Il-Irion;Prêt bancaire pour avance d'exécution liée au contrat EC-III-397-007 : alliance industrielle sur la fabrication de serrures à double empreinte et coffres de transit;;397-IX-09;397-X-18;III;3'075 couronnes;123 couronnes;Exécuté, remboursé, classé;registre_UBI_Contrats_archives.md
CO-III-397-005;archives;Contrat commercial;Sfaal ↔ Ther-Félis;Achat de reliquaires techniques, lentilles gravées et plaques d'argent à usage d'atelier;;397-X-21;398-I-21;III;7'450 couronnes;149 couronnes;Exécuté, soldé, classé;registre_UBI_Contrats_archives.md
PB-III-397-008;archives;Contrat de prêt bancaire;UBI ↔ Sfaal;Prêt bancaire pour avance d'exécution liée au contrat CO-III-397-005 : achat de reliquaires techniques, lentilles gravées et plaques d'argent à usage d'atelier;;397-X-21;398-I-21;III;3'725 couronnes;149 couronnes;Exécuté, remboursé, classé;registre_UBI_Contrats_archives.md
CO-I-397-003;archives;Contrat commercial;Sfaal ↔ Arthas;Vente de sel gris, saumure et jarres de conservation;;397-XI-02;397-XII-03;I;7'650 couronnes;153 couronnes;Exécuté, soldé, classé;registre_UBI_Contrats_archives.md
SE-I-398-002;archives;Contrat de service;Ther-Félis ↔ Palyr;Inventaire de greniers, caves et réserves marchandes;;398-I-07;398-IV-09;I;8'050 couronnes;161 couronnes;Exécuté, soldé, classé;registre_UBI_Contrats_archives.md
PB-III-398-005;archives;Contrat de prêt bancaire;UBI ↔ Arthas;Prêt bancaire pour avance d'exécution liée au contrat PR-III-398-004 : protection de témoins commerciaux avant arbitrage sur cargaison rare;;398-II-17;398-V-09;III;3'925 couronnes;157 couronnes;Exécuté, remboursé, classé;registre_UBI_Contrats_archives.md
PR-III-398-004;archives;Contrat de protection;Arthas ↔ Ther-Félis;Protection de témoins commerciaux avant arbitrage sur cargaison rare;;398-II-17;398-V-09;III;7'850 couronnes;157 couronnes;Exécuté, soldé, classé;registre_UBI_Contrats_archives.md
CO-II-398-003;archives;Contrat commercial;Palyr ↔ Ther-Félis;Fourniture de tuiles vernissées, ferrures de portail et plomb de toiture;;398-VIII-17;398-X-02;II;11'400 couronnes;228 couronnes;Exécuté, soldé, classé;registre_UBI_Contrats_archives.md
CO-I-398-001;archives;Contrat commercial;Il-Irion ↔ Sfaal;Vente de vin de table, vinaigre et tonnelets de lies;;398-X-25;398-XII-10;I;5'050 couronnes;101 couronnes;Exécuté, soldé, classé;registre_UBI_Contrats_archives.md
PR-I-399-002;archives;Contrat de protection;Arthas ↔ Il-Irion;Garde de greniers pendant un litige de livraison;;399-IV-11;399-VI-24;I;6'450 couronnes;129 couronnes;Exécuté, soldé, classé;registre_UBI_Contrats_archives.md
EP-III-399-005;archives;Contrat d'exploitation;Arthas ↔ Il-Irion;Exploitation limitée d'une source minérale utilisée pour bains, teintures et préparations magiques;;399-IV-26;399-V-04;III;9'850 couronnes;197 couronnes;Exécuté, soldé, classé;registre_UBI_Contrats_archives.md
PB-III-399-006;archives;Contrat de prêt bancaire;UBI ↔ Arthas;Prêt bancaire pour avance d'exécution liée au contrat EP-III-399-005 : exploitation limitée d'une source minérale utilisée pour bains, teintures et préparations magiques;;399-IV-26;399-V-04;III;4'925 couronnes;197 couronnes;Exécuté, remboursé, classé;registre_UBI_Contrats_archives.md
PR-I-399-003;archives;Contrat de protection;Il-Irion ↔ Arthas;Garde de chantier naval pendant pose de pièces importées;;399-V-14;399-IX-17;I;8'900 couronnes;178 couronnes;Exécuté, soldé, classé;registre_UBI_Contrats_archives.md
CO-II-399-004;archives;Contrat commercial;Il-Irion ↔ Palyr;Fourniture de plantes médicinales fraîches, racines rares et fleurs de serre;;399-XII-24;399-XII-10;II;11'850 couronnes;237 couronnes;Exécuté, soldé, classé;registre_UBI_Contrats_archives.md
CO-III-400-001;archives;Contrat commercial;Il-Irion ↔ Palyr;Fourniture confidentielle de cristaux de veille, poudres de fixation et encres de sceau;;400-XII-05;401-I-15;III;7'500 couronnes;150 couronnes;Exécuté, soldé, classé;registre_UBI_Contrats_archives.md
PB-III-400-002;archives;Contrat de prêt bancaire;UBI ↔ Il-Irion;Prêt bancaire pour avance d'exécution liée au contrat CO-III-400-001 : fourniture confidentielle de cristaux de veille, poudres de fixation et encres de sceau;;400-XII-05;401-I-15;III;3'750 couronnes;150 couronnes;Exécuté, remboursé, classé;registre_UBI_Contrats_archives.md
CO-II-401-003;archives;Contrat commercial;Palyr ↔ Arthas;Fourniture de minerai de fer noir, hématite rouge et sacs de charbon de forge;;401-III-04;401-VII-17;II;12'100 couronnes;242 couronnes;Exécuté, soldé, classé;registre_UBI_Contrats_archives.md
CO-III-401-005;archives;Contrat commercial;Il-Irion ↔ Ther-Félis;Fourniture confidentielle de cristaux de veille, poudres de fixation et encres de sceau;;401-VI-18;401-VIII-26;III;6'700 couronnes;134 couronnes;Exécuté, soldé, classé;registre_UBI_Contrats_archives.md
PB-III-401-007;archives;Contrat de prêt bancaire;UBI ↔ Il-Irion;Prêt bancaire pour avance d'exécution liée au contrat CO-III-401-005 : fourniture confidentielle de cristaux de veille, poudres de fixation et encres de sceau;;401-VI-18;401-VIII-26;III;3'350 couronnes;134 couronnes;Exécuté, remboursé, classé;registre_UBI_Contrats_archives.md
EC-I-401-001;archives;Contrat d'exclusivité;Palyr ↔ Arthas;Priorité sur bois de chêne sec pour coffres;;401-IX-22;401-XII-11;I;7'500 couronnes;150 couronnes;Exécuté, soldé, classé;registre_UBI_Contrats_archives.md
EC-III-401-004;archives;Contrat d'exclusivité;Arthas ↔ Palyr;Alliance industrielle sur la fabrication de serrures à double empreinte et coffres de transit;;401-X-16;402-I-05;III;7'300 couronnes;146 couronnes;Exécuté, soldé, classé;registre_UBI_Contrats_archives.md
PB-III-401-006;archives;Contrat de prêt bancaire;UBI ↔ Arthas;Prêt bancaire pour avance d'exécution liée au contrat EC-III-401-004 : alliance industrielle sur la fabrication de serrures à double empreinte et coffres de transit;;401-X-16;402-I-05;III;3'650 couronnes;146 couronnes;Exécuté, remboursé, classé;registre_UBI_Contrats_archives.md
CO-I-402-002;archives;Contrat commercial;Sfaal ↔ Arthas;Achat de fer doux, clous longs et bandes de cerclage;;402-III-08;402-V-25;I;8'900 couronnes;178 couronnes;Exécuté, soldé, classé;registre_UBI_Contrats_archives.md
PR-III-402-006;archives;Contrat de protection;Ther-Félis ↔ Il-Irion;Escorte armée de poudres alchimiques et d'ingrédients magiques entre deux comptoirs;;402-IV-07;402-VI-19;III;7'150 couronnes;143 couronnes;Exécuté, soldé, classé;registre_UBI_Contrats_archives.md
CO-II-402-004;archives;Contrat commercial;Il-Irion ↔ Ther-Félis;Vente de fleurs coupées, bulbes rares et couronnes de serre;;402-VII-11;402-VIII-25;II;12'550 couronnes;251 couronnes;Exécuté, soldé, classé;registre_UBI_Contrats_archives.md
PAR-I-402-008;archives;Paraphe de routes;Cinq cités confédérées;Constat des propriétés contractuelles des treize lignes marchandes après la première régate;;402-XII-01;402-XII-01;I;0 couronne;50 couronnes;Enregistré, classé;registre_UBI_Contrats_archives.md
SE-I-402-001;archives;Contrat de service;Arthas ↔ Ther-Félis;Construction de rayonnages, coffres bas et pupitres de compte;;402-XII-02;402-XII-18;I;8'100 couronnes;162 couronnes;Exécuté, soldé, classé;registre_UBI_Contrats_archives.md
PB-III-402-007;archives;Contrat de prêt bancaire;UBI ↔ Sfaal;Prêt bancaire pour avance d'exécution liée au contrat SE-III-402-005 : transport discret de liasses de dette, matrices de sceaux et reçus parallèles;;402-XII-11;403-I-20;III;4'025 couronnes;161 couronnes;Exécuté, remboursé, classé;registre_UBI_Contrats_archives.md
SE-III-402-005;archives;Contrat de service;Sfaal ↔ Arthas;Transport discret de liasses de dette, matrices de sceaux et reçus parallèles;;402-XII-11;403-I-20;III;8'050 couronnes;161 couronnes;Exécuté, soldé, classé;registre_UBI_Contrats_archives.md
SE-III-403-001;archives;Contrat de service;Ther-Félis ↔ Sfaal;Mise à disposition de commis spécialisés pour copie de registres sensibles et reclassement de dettes;;403-V-28;403-VI-11;III;7'650 couronnes;153 couronnes;Exécuté, soldé, classé;registre_UBI_Contrats_archives.md
EC-III-404-004;archives;Contrat d'exclusivité;Ther-Félis ↔ Arthas;Exclusivité industrielle sur filtres de distillation, sels rares et alambics scellés;;404-I-16;404-IV-26;III;8'300 couronnes;166 couronnes;Exécuté, soldé, classé;registre_UBI_Contrats_archives.md
CO-I-404-002;archives;Contrat commercial;Palyr ↔ Il-Irion;Vente de vin de table, vinaigre et tonnelets de lies;;404-III-07;404-VI-13;I;2'650 couronnes;53 couronnes;Exécuté, soldé, classé;registre_UBI_Contrats_archives.md
CO-II-404-003;archives;Contrat commercial;Ther-Félis ↔ Il-Irion;Fourniture de pierres semi-précieuses, perles d'eau douce et cabochons verts;;404-X-17;404-XII-06;II;12'800 couronnes;256 couronnes;Exécuté, soldé, classé;registre_UBI_Contrats_archives.md
PR-I-405-002;archives;Contrat de protection;Arthas ↔ Palyr;Escorte de lingots entre forge et comptoir bancaire;;405-II-05;405-IV-26;I;3'350 couronnes;67 couronnes;Exécuté, soldé, classé;registre_UBI_Contrats_archives.md
CO-II-405-004;archives;Contrat commercial;Il-Irion ↔ Arthas;Fourniture de lances montées, boucliers peints et sangles de réserve;;405-II-24;405-V-14;II;10'250 couronnes;205 couronnes;Exécuté, soldé, classé;registre_UBI_Contrats_archives.md
SE-I-405-003;archives;Contrat de service;Arthas ↔ Sfaal;Copie de registres de dettes et reclassement de bordereaux;;405-VII-14;405-XI-21;I;3'450 couronnes;69 couronnes;Exécuté, soldé, classé;registre_UBI_Contrats_archives.md
PB-III-405-007;archives;Contrat de prêt bancaire;UBI ↔ Sfaal;Prêt bancaire pour avance d'exécution liée au contrat SE-III-405-005 : mise à disposition de commis spécialisés pour copie de registres sensibles et reclassement de dettes;;405-VIII-22;405-IX-10;III;4'975 couronnes;199 couronnes;Exécuté, remboursé, classé;registre_UBI_Contrats_archives.md
SE-III-405-005;archives;Contrat de service;Sfaal ↔ Palyr;Mise à disposition de commis spécialisés pour copie de registres sensibles et reclassement de dettes;;405-VIII-22;405-IX-10;III;9'950 couronnes;199 couronnes;Exécuté, soldé, classé;registre_UBI_Contrats_archives.md
SE-I-405-001;archives;Contrat de service;Palyr ↔ Ther-Félis;Rédaction de contrats de vente pour marchands étrangers;;405-XI-25;405-XII-19;I;2'550 couronnes;51 couronnes;Exécuté, soldé, classé;registre_UBI_Contrats_archives.md
DE-III-405-006;archives;Contrat de dette;Il-Irion ↔ Palyr;Prêt garanti pour reconstitution de réserves métalliques après crise de change;;405-XII-14;406-I-29;III;8'050 couronnes;161 couronnes;Exécuté, soldé, classé;registre_UBI_Contrats_archives.md
EP-III-406-002;archives;Contrat d'exploitation;Arthas ↔ Il-Irion;Exploitation limitée d'une source minérale utilisée pour bains, teintures et préparations magiques;;406-II-25;406-IV-29;III;6'300 couronnes;126 couronnes;Exécuté, soldé, classé;registre_UBI_Contrats_archives.md
PB-III-406-003;archives;Contrat de prêt bancaire;UBI ↔ Arthas;Prêt bancaire pour avance d'exécution liée au contrat EP-III-406-002 : exploitation limitée d'une source minérale utilisée pour bains, teintures et préparations magiques;;406-II-25;406-IV-29;III;3'150 couronnes;126 couronnes;Exécuté, remboursé, classé;registre_UBI_Contrats_archives.md
EP-I-406-001;archives;Contrat d'exploitation;Sfaal ↔ Palyr;Coupe contrôlée de bois de chêne sur domaine marchand;;406-IV-10;406-VII-06;I;3'750 couronnes;75 couronnes;Exécuté, soldé, classé;registre_UBI_Contrats_archives.md
SE-III-407-005;archives;Contrat de service;Ther-Félis ↔ Il-Irion;Mise à disposition de commis spécialisés pour copie de registres sensibles et reclassement de dettes;;407-IV-06;407-VII-26;III;9'350 couronnes;187 couronnes;Exécuté, soldé, classé;registre_UBI_Contrats_archives.md
CO-II-407-004;archives;Contrat commercial;Ther-Félis ↔ Palyr;Achat de lames d'épée, fers de lance, carreaux d'arbalète et pointes trempées;;407-VI-05;407-X-22;II;10'600 couronnes;212 couronnes;Exécuté, soldé, classé;registre_UBI_Contrats_archives.md
EC-I-407-001;archives;Contrat d'exclusivité;Ther-Félis ↔ Sfaal;Exclusivité d'achat de cire claire pour archives;;407-VII-16;407-XI-13;I;4'350 couronnes;87 couronnes;Exécuté, soldé, classé;registre_UBI_Contrats_archives.md
SE-I-407-002;archives;Contrat de service;Il-Irion ↔ Palyr;Mise en ordre d'archives notariales et reliure de liasses;;407-X-22;407-XI-20;I;5'150 couronnes;103 couronnes;Exécuté, soldé, classé;registre_UBI_Contrats_archives.md
PAR-I-407-006;archives;Paraphe de routes;Cinq cités confédérées;Constat des propriétés contractuelles des treize lignes marchandes après la deuxième régate;;407-XII-01;407-XII-01;I;0 couronne;50 couronnes;Enregistré, classé;registre_UBI_Contrats_archives.md
CO-II-408-003;archives;Contrat commercial;Il-Irion ↔ Arthas;Vente de miel clair, épices entières, fruits confits et sucre de pain;;408-VIII-10;408-IX-02;II;10'850 couronnes;217 couronnes;Exécuté, soldé, classé;registre_UBI_Contrats_archives.md
EP-III-408-004;archives;Contrat d'exploitation;Il-Irion ↔ Sfaal;Exploitation limitée d'une source minérale utilisée pour bains, teintures et préparations magiques;;408-VIII-11;408-IX-18;III;8'100 couronnes;162 couronnes;Exécuté, soldé, classé;registre_UBI_Contrats_archives.md
PB-III-408-005;archives;Contrat de prêt bancaire;UBI ↔ Il-Irion;Prêt bancaire pour avance d'exécution liée au contrat EP-III-408-004 : exploitation limitée d'une source minérale utilisée pour bains, teintures et préparations magiques;;408-VIII-11;408-IX-18;III;4'050 couronnes;162 couronnes;Exécuté, remboursé, classé;registre_UBI_Contrats_archives.md
CO-I-408-001;archives;Contrat commercial;Palyr ↔ Il-Irion;Achat de planches de chêne, poutres courtes et chevilles de charpente;;408-XII-01;408-XII-26;I;5'550 couronnes;111 couronnes;Exécuté, soldé, classé;registre_UBI_Contrats_archives.md
DE-III-409-002;archives;Contrat de dette;Sfaal ↔ Il-Irion;Prêt garanti pour reconstitution de réserves métalliques après crise de change;;409-II-13;409-III-10;III;6'300 couronnes;126 couronnes;Exécuté, soldé, classé;registre_UBI_Contrats_archives.md
CO-I-409-001;archives;Contrat commercial;Arthas ↔ Il-Irion;Achat de fer doux, clous longs et bandes de cerclage;;409-III-07;409-VI-07;I;6'200 couronnes;124 couronnes;Exécuté, soldé, classé;registre_UBI_Contrats_archives.md
CO-II-410-004;archives;Contrat commercial;Ther-Félis ↔ Arthas;Fourniture de plantes médicinales fraîches, racines rares et fleurs de serre;;410-I-18;410-III-11;II;11'350 couronnes;227 couronnes;Exécuté, soldé, classé;registre_UBI_Contrats_archives.md
EC-I-410-003;archives;Contrat d'exclusivité;Il-Irion ↔ Arthas;Priorité sur peaux tannées pour équipements de garde;;410-VI-08;410-IX-18;I;5'400 couronnes;108 couronnes;Exécuté, soldé, classé;registre_UBI_Contrats_archives.md
CO-I-410-001;archives;Contrat commercial;Sfaal ↔ Il-Irion;Fourniture de pierres de taille, chaux vive et sable lavé;;410-VI-13;410-X-14;I;6'800 couronnes;136 couronnes;Exécuté, soldé, classé;registre_UBI_Contrats_archives.md
SE-I-410-002;archives;Contrat de service;Ther-Félis ↔ Il-Irion;Entretien de balances, poids étalons et tables de mesure;;410-IX-19;410-X-21;I;7'600 couronnes;152 couronnes;Exécuté, soldé, classé;registre_UBI_Contrats_archives.md
CO-III-410-005;archives;Contrat commercial;Sfaal ↔ Arthas;Achat de reliquaires techniques, lentilles gravées et plaques d'argent à usage d'atelier;;410-XII-03;411-I-16;III;6'750 couronnes;135 couronnes;Exécuté, soldé, classé;registre_UBI_Contrats_archives.md
CO-II-411-003;archives;Contrat commercial;Sfaal ↔ Il-Irion;Vente de lingots d'argent gris, grenaille d'étain pur et plaques de cuivre rouge;;411-III-23;411-VI-17;II;11'600 couronnes;232 couronnes;Exécuté, soldé, classé;registre_UBI_Contrats_archives.md
EC-III-411-004;archives;Contrat d'exclusivité;Il-Irion ↔ Sfaal;Exclusivité industrielle sur filtres de distillation, sels rares et alambics scellés;;411-V-17;411-VII-02;III;8'250 couronnes;165 couronnes;Exécuté, soldé, classé;registre_UBI_Contrats_archives.md
PB-III-411-006;archives;Contrat de prêt bancaire;UBI ↔ Il-Irion;Prêt bancaire pour avance d'exécution liée au contrat EC-III-411-004 : exclusivité industrielle sur filtres de distillation, sels rares et alambics scellés;;411-V-17;411-VII-02;III;4'125 couronnes;165 couronnes;Exécuté, remboursé, classé;registre_UBI_Contrats_archives.md
EC-III-411-005;archives;Contrat d'exclusivité;Il-Irion ↔ Palyr;Alliance industrielle sur la fabrication de serrures à double empreinte et coffres de transit;;411-VIII-30;411-XI-20;III;8'500 couronnes;170 couronnes;Exécuté, soldé, classé;registre_UBI_Contrats_archives.md
PR-I-411-001;archives;Contrat de protection;Arthas ↔ Ther-Félis;Garde de halle pendant vente de lots saisis;;411-XI-24;411-XII-01;I;8'000 couronnes;160 couronnes;Exécuté, soldé, classé;registre_UBI_Contrats_archives.md
EP-I-412-001;archives;Contrat d'exploitation;Sfaal ↔ Arthas;Exploitation limitée d'une carrière de calcaire;;412-II-04;412-V-08;I;8'600 couronnes;172 couronnes;Exécuté, soldé, classé;registre_UBI_Contrats_archives.md
DE-III-412-002;archives;Contrat de dette;Ther-Félis ↔ Sfaal;Prêt garanti pour reconstitution de réserves métalliques après crise de change;;412-III-12;412-V-20;III;6'200 couronnes;124 couronnes;Exécuté, soldé, classé;registre_UBI_Contrats_archives.md
PAR-I-412-003;archives;Paraphe de routes;Cinq cités confédérées;Constat des propriétés contractuelles des treize lignes marchandes après la troisième régate;;412-XII-01;412-XII-01;I;0 couronne;50 couronnes;Enregistré, classé;registre_UBI_Contrats_archives.md
SE-I-413-003;archives;Contrat de service;Il-Irion ↔ Sfaal;Rédaction de contrats de vente pour marchands étrangers;;413-I-21;413-II-07;I;6'700 couronnes;134 couronnes;Exécuté, soldé, classé;registre_UBI_Contrats_archives.md
EC-I-413-001;archives;Contrat d'exclusivité;Ther-Félis ↔ Arthas;Priorité sur les cordages longs destinés aux quais;;413-V-10;413-IX-15;I;9'250 couronnes;185 couronnes;Exécuté, soldé, classé;registre_UBI_Contrats_archives.md
CO-II-413-004;archives;Contrat commercial;Arthas ↔ Il-Irion;Vente de fleurs coupées, bulbes rares et couronnes de serre;;413-VIII-05;413-XII-26;II;12'050 couronnes;241 couronnes;Exécuté, soldé, classé;registre_UBI_Contrats_archives.md
SE-I-413-002;archives;Contrat de service;Il-Irion ↔ Arthas;Expertise de cargaisons humides après avarie de mer;;413-VIII-16;413-IX-22;I;2'000 couronnes;40 couronnes;Exécuté, soldé, classé;registre_UBI_Contrats_archives.md
DE-III-413-005;archives;Contrat de dette;Sfaal ↔ Ther-Félis;Prêt garanti pour reconstitution de réserves métalliques après crise de change;;413-IX-22;413-XI-20;III;6'150 couronnes;123 couronnes;Exécuté, soldé, classé;registre_UBI_Contrats_archives.md
PR-I-414-002;archives;Contrat de protection;Sfaal ↔ Arthas;Protection de coffre mobile pendant changement de comptoir;;414-III-26;414-V-13;I;7'100 couronnes;142 couronnes;Exécuté, soldé, classé;registre_UBI_Contrats_archives.md
EC-III-414-005;archives;Contrat d'exclusivité;Il-Irion ↔ Arthas;Exclusivité industrielle sur filtres de distillation, sels rares et alambics scellés;;414-IV-01;414-VII-27;III;6'300 couronnes;126 couronnes;Exécuté, soldé, classé;registre_UBI_Contrats_archives.md
PB-III-414-006;archives;Contrat de prêt bancaire;UBI ↔ Il-Irion;Prêt bancaire pour avance d'exécution liée au contrat EC-III-414-005 : exclusivité industrielle sur filtres de distillation, sels rares et alambics scellés;;414-IV-01;414-VII-27;III;3'150 couronnes;126 couronnes;Exécuté, remboursé, classé;registre_UBI_Contrats_archives.md
PB-III-414-007;archives;Contrat de prêt bancaire;UBI ↔ Il-Irion;Prêt bancaire pour avance d'exécution liée au contrat PR-III-414-004 : protection de témoins commerciaux avant arbitrage sur cargaison rare;;414-VII-11;414-IX-22;III;3'700 couronnes;148 couronnes;Exécuté, remboursé, classé;registre_UBI_Contrats_archives.md
PR-III-414-004;archives;Contrat de protection;Il-Irion ↔ Arthas;Protection de témoins commerciaux avant arbitrage sur cargaison rare;;414-VII-11;414-IX-22;III;7'400 couronnes;148 couronnes;Exécuté, soldé, classé;registre_UBI_Contrats_archives.md
CO-II-414-003;archives;Contrat commercial;Sfaal ↔ Palyr;Achat de pièces d'horlogerie, ressorts fins et cadrans d'émail;;414-X-10;414-XI-06;II;12'300 couronnes;246 couronnes;Exécuté, soldé, classé;registre_UBI_Contrats_archives.md
EC-III-415-004;archives;Contrat d'exclusivité;Palyr ↔ Il-Irion;Alliance industrielle sur la fabrication de serrures à double empreinte et coffres de transit;;415-II-22;415-III-13;III;8'800 couronnes;176 couronnes;Exécuté, soldé, classé;registre_UBI_Contrats_archives.md
PB-III-415-007;archives;Contrat de prêt bancaire;UBI ↔ Il-Irion;Prêt bancaire pour avance d'exécution liée au contrat PR-III-415-003 : protection de témoins commerciaux avant arbitrage sur cargaison rare;;415-III-11;415-VI-23;III;4'700 couronnes;188 couronnes;Exécuté, remboursé, classé;registre_UBI_Contrats_archives.md
PR-III-415-003;archives;Contrat de protection;Il-Irion ↔ Arthas;Protection de témoins commerciaux avant arbitrage sur cargaison rare;;415-III-11;415-VI-23;III;9'400 couronnes;188 couronnes;Exécuté, soldé, classé;registre_UBI_Contrats_archives.md
CO-I-415-002;archives;Contrat commercial;Sfaal ↔ Ther-Félis;Vente de chanvre, cordage fin et grosses aussières;;415-IV-07;415-VIII-16;I;3'850 couronnes;77 couronnes;Exécuté, soldé, classé;registre_UBI_Contrats_archives.md
CO-III-415-005;archives;Contrat commercial;Palyr ↔ Ther-Félis;Achat de reliquaires techniques, lentilles gravées et plaques d'argent à usage d'atelier;;415-XI-03;416-II-13;III;7'200 couronnes;144 couronnes;Exécuté, soldé, classé;registre_UBI_Contrats_archives.md
PB-III-415-006;archives;Contrat de prêt bancaire;UBI ↔ Palyr;Prêt bancaire pour avance d'exécution liée au contrat CO-III-415-005 : achat de reliquaires techniques, lentilles gravées et plaques d'argent à usage d'atelier;;415-XI-03;416-II-13;III;3'600 couronnes;144 couronnes;Exécuté, remboursé, classé;registre_UBI_Contrats_archives.md
CO-II-416-003;archives;Contrat commercial;Arthas ↔ Il-Irion;Fourniture de lances montées, boucliers peints et sangles de réserve;;416-II-17;416-IV-14;II;12'650 couronnes;253 couronnes;Exécuté, soldé, classé;registre_UBI_Contrats_archives.md
SE-I-416-001;archives;Contrat de service;Ther-Félis ↔ Sfaal;Réfection de toitures d'entrepôt et pose de gouttières;;416-VI-12;416-VII-22;I;4'250 couronnes;85 couronnes;Exécuté, soldé, classé;registre_UBI_Contrats_archives.md
EP-I-416-002;archives;Contrat d'exploitation;Arthas ↔ Il-Irion;Extraction de sel gris dans des bassins loués;;416-VII-07;416-X-21;I;7'750 couronnes;155 couronnes;Exécuté, soldé, classé;registre_UBI_Contrats_archives.md
EC-III-416-004;archives;Contrat d'exclusivité;Ther-Félis ↔ Sfaal;Exclusivité industrielle sur filtres de distillation, sels rares et alambics scellés;;416-IX-03;416-X-17;III;6'950 couronnes;139 couronnes;Exécuté, soldé, classé;registre_UBI_Contrats_archives.md
PB-III-416-005;archives;Contrat de prêt bancaire;UBI ↔ Ther-Félis;Prêt bancaire pour avance d'exécution liée au contrat EC-III-416-004 : exclusivité industrielle sur filtres de distillation, sels rares et alambics scellés;;416-IX-03;416-X-17;III;3'475 couronnes;139 couronnes;Exécuté, remboursé, classé;registre_UBI_Contrats_archives.md
PR-III-417-004;archives;Contrat de protection;Sfaal ↔ Arthas;Protection de témoins commerciaux avant arbitrage sur cargaison rare;;417-IV-09;417-V-18;III;7'750 couronnes;155 couronnes;Exécuté, soldé, classé;registre_UBI_Contrats_archives.md
CO-II-417-003;archives;Contrat commercial;Sfaal ↔ Ther-Félis;Fourniture de dalles de marbre veiné, colonnettes et chaux fine;;417-V-23;417-VIII-21;II;10'000 couronnes;200 couronnes;Exécuté, soldé, classé;registre_UBI_Contrats_archives.md
PR-I-417-001;archives;Contrat de protection;Il-Irion ↔ Palyr;Escorte de chariots de pierre sur route de carrière;;417-IX-18;417-XI-03;I;4'850 couronnes;97 couronnes;Exécuté, soldé, classé;registre_UBI_Contrats_archives.md
PAR-I-417-005;archives;Paraphe de routes;Cinq cités confédérées;Constat des propriétés contractuelles des treize lignes marchandes après la quatrième régate;;417-XII-01;417-XII-01;I;0 couronne;50 couronnes;Enregistré, classé;registre_UBI_Contrats_archives.md
CO-I-418-003;archives;Contrat commercial;Ther-Félis ↔ Sfaal;Vente de grains d'orge, pois secs et sacs de farine;;418-II-20;418-III-10;I;9'200 couronnes;184 couronnes;Exécuté, soldé, classé;registre_UBI_Contrats_archives.md
EC-I-418-002;archives;Contrat d'exclusivité;Arthas ↔ Sfaal;Exclusivité de vente de sel gris dans trois halles;;418-III-04;418-VII-17;I;6'300 couronnes;126 couronnes;Exécuté, soldé, classé;registre_UBI_Contrats_archives.md
CO-III-418-005;archives;Contrat commercial;Ther-Félis ↔ Palyr;Fourniture confidentielle de cristaux de veille, poudres de fixation et encres de sceau;;418-IV-21;418-VI-13;III;8'350 couronnes;167 couronnes;Exécuté, soldé, classé;registre_UBI_Contrats_archives.md
PB-III-418-006;archives;Contrat de prêt bancaire;UBI ↔ Ther-Félis;Prêt bancaire pour avance d'exécution liée au contrat CO-III-418-005 : fourniture confidentielle de cristaux de veille, poudres de fixation et encres de sceau;;418-IV-21;418-VI-13;III;4'175 couronnes;167 couronnes;Exécuté, remboursé, classé;registre_UBI_Contrats_archives.md
CO-II-418-004;archives;Contrat commercial;Arthas ↔ Sfaal;Achat de pigments rares, laque rouge, bleu broyé et poudre d'or;;418-IX-04;418-XII-03;II;10'450 couronnes;209 couronnes;Exécuté, soldé, classé;registre_UBI_Contrats_archives.md
EP-I-418-001;archives;Contrat d'exploitation;Palyr ↔ Sfaal;Récolte de plantes tinctoriales sur coteaux communs;;418-XII-24;418-XII-10;I;5'500 couronnes;110 couronnes;Exécuté, soldé, classé;registre_UBI_Contrats_archives.md
PB-III-419-003;archives;Contrat de prêt bancaire;UBI ↔ Sfaal;Prêt bancaire pour avance d'exécution liée au contrat PR-III-419-001 : protection de témoins commerciaux avant arbitrage sur cargaison rare;;419-II-11;419-III-03;III;4'450 couronnes;178 couronnes;Exécuté, remboursé, classé;registre_UBI_Contrats_archives.md
PR-III-419-001;archives;Contrat de protection;Sfaal ↔ Il-Irion;Protection de témoins commerciaux avant arbitrage sur cargaison rare;;419-II-11;419-III-03;III;8'900 couronnes;178 couronnes;Exécuté, soldé, classé;registre_UBI_Contrats_archives.md
CO-III-419-002;archives;Contrat commercial;Ther-Félis ↔ Il-Irion;Achat de reliquaires techniques, lentilles gravées et plaques d'argent à usage d'atelier;;419-II-18;419-IV-20;III;8'900 couronnes;178 couronnes;Exécuté, soldé, classé;registre_UBI_Contrats_archives.md
PB-III-419-004;archives;Contrat de prêt bancaire;UBI ↔ Ther-Félis;Prêt bancaire pour avance d'exécution liée au contrat CO-III-419-002 : achat de reliquaires techniques, lentilles gravées et plaques d'argent à usage d'atelier;;419-II-18;419-IV-20;III;4'450 couronnes;178 couronnes;Exécuté, remboursé, classé;registre_UBI_Contrats_archives.md
SE-I-420-002;archives;Contrat de service;Il-Irion ↔ Palyr;Formation de commis aux poids, mesures et comptes de quai;;420-V-26;420-VII-17;I;9'650 couronnes;193 couronnes;Exécuté, soldé, classé;registre_UBI_Contrats_archives.md
EP-III-420-004;archives;Contrat d'exploitation;Arthas ↔ Palyr;Exploitation limitée d'une source minérale utilisée pour bains, teintures et préparations magiques;;420-VIII-10;420-X-12;III;7'100 couronnes;142 couronnes;Exécuté, soldé, classé;registre_UBI_Contrats_archives.md
PB-III-420-006;archives;Contrat de prêt bancaire;UBI ↔ Arthas;Prêt bancaire pour avance d'exécution liée au contrat EP-III-420-004 : exploitation limitée d'une source minérale utilisée pour bains, teintures et préparations magiques;;420-VIII-10;420-X-12;III;3'550 couronnes;142 couronnes;Exécuté, remboursé, classé;registre_UBI_Contrats_archives.md
CO-I-420-001;archives;Contrat commercial;Ther-Félis ↔ Il-Irion;Vente de cire blanche, suif, mèches et lanternes d'entrepôt;;420-VIII-15;420-X-04;I;7'300 couronnes;146 couronnes;Exécuté, soldé, classé;registre_UBI_Contrats_archives.md
DE-III-420-005;archives;Contrat de dette;Sfaal ↔ Arthas;Prêt garanti pour reconstitution de réserves métalliques après crise de change;;420-XI-15;421-II-01;III;7'350 couronnes;147 couronnes;Exécuté, soldé, classé;registre_UBI_Contrats_archives.md
CO-II-420-003;archives;Contrat commercial;Sfaal ↔ Arthas;Transport de reliquaires, livres enluminés et coffrets de donation;;420-XII-10;420-XII-10;II;10'700 couronnes;214 couronnes;Exécuté, soldé, classé;registre_UBI_Contrats_archives.md
CO-I-421-002;archives;Contrat commercial;Palyr ↔ Il-Irion;Achat de fer doux, clous longs et bandes de cerclage;;421-II-01;421-VI-18;I;8'700 couronnes;174 couronnes;Exécuté, soldé, classé;registre_UBI_Contrats_archives.md
PB-III-421-006;archives;Contrat de prêt bancaire;UBI ↔ Arthas;Prêt bancaire pour avance d'exécution liée au contrat SE-III-421-005 : mise à disposition de commis spécialisés pour copie de registres sensibles et reclassement de dettes;;421-IV-16;421-VI-07;III;4'800 couronnes;192 couronnes;Exécuté, remboursé, classé;registre_UBI_Contrats_archives.md
SE-III-421-005;archives;Contrat de service;Arthas ↔ Sfaal;Mise à disposition de commis spécialisés pour copie de registres sensibles et reclassement de dettes;;421-IV-16;421-VI-07;III;9'600 couronnes;192 couronnes;Exécuté, soldé, classé;registre_UBI_Contrats_archives.md
CO-II-421-004;archives;Contrat commercial;Arthas ↔ Palyr;Achat de madriers d'ébène brun, placages de noyer noir et chevilles de buis;;421-IV-17;421-VI-18;II;11'150 couronnes;223 couronnes;Exécuté, soldé, classé;registre_UBI_Contrats_archives.md
PR-I-421-003;archives;Contrat de protection;Palyr ↔ Ther-Félis;Escorte de chariots de pierre sur route de carrière;;421-IX-07;421-XII-25;I;2'500 couronnes;50 couronnes;Exécuté, soldé, classé;registre_UBI_Contrats_archives.md
PAR-I-422-003;archives;Paraphe de routes;Cinq cités confédérées;Constat des propriétés contractuelles des treize lignes marchandes après la cinquième régate;;422-XII-01;422-XII-01;I;0 couronne;50 couronnes;Enregistré, classé;registre_UBI_Contrats_archives.md
PB-III-422-002;archives;Contrat de prêt bancaire;UBI ↔ Il-Irion;Prêt bancaire pour avance d'exécution liée au contrat SE-III-422-001 : transport discret de liasses de dette, matrices de sceaux et reçus parallèles;;422-XII-29;423-III-18;III;4'700 couronnes;188 couronnes;Exécuté, remboursé, classé;registre_UBI_Contrats_archives.md
SE-III-422-001;archives;Contrat de service;Il-Irion ↔ Ther-Félis;Transport discret de liasses de dette, matrices de sceaux et reçus parallèles;;422-XII-29;423-III-18;III;9'400 couronnes;188 couronnes;Exécuté, soldé, classé;registre_UBI_Contrats_archives.md
EP-I-423-003;archives;Contrat d'exploitation;Arthas ↔ Ther-Félis;Exploitation limitée d'une carrière de calcaire;;423-I-14;423-V-07;I;3'150 couronnes;63 couronnes;Exécuté, soldé, classé;registre_UBI_Contrats_archives.md
DE-III-423-006;archives;Contrat de dette;Sfaal ↔ Ther-Félis;Prêt garanti pour reconstitution de réserves métalliques après crise de change;;423-IV-12;423-VII-08;III;9'000 couronnes;180 couronnes;Exécuté, soldé, classé;registre_UBI_Contrats_archives.md
EC-III-423-005;archives;Contrat d'exclusivité;Ther-Félis ↔ Sfaal;Alliance industrielle sur la fabrication de serrures à double empreinte et coffres de transit;;423-VII-10;423-X-05;III;9'100 couronnes;182 couronnes;Exécuté, soldé, classé;registre_UBI_Contrats_archives.md
PB-III-423-008;archives;Contrat de prêt bancaire;UBI ↔ Ther-Félis;Prêt bancaire pour avance d'exécution liée au contrat EC-III-423-005 : alliance industrielle sur la fabrication de serrures à double empreinte et coffres de transit;;423-VII-10;423-X-05;III;4'550 couronnes;182 couronnes;Exécuté, remboursé, classé;registre_UBI_Contrats_archives.md
PR-I-423-001;archives;Contrat de protection;Il-Irion ↔ Arthas;Protection de pesée publique après contestation;;423-VII-12;423-IX-05;I;9'750 couronnes;195 couronnes;Exécuté, soldé, classé;registre_UBI_Contrats_archives.md
CO-II-423-004;archives;Contrat commercial;Palyr ↔ Sfaal;Transport assuré de tableaux, statuettes votives et cadres dorés;;423-VIII-24;423-XI-26;II;11'550 couronnes;231 couronnes;Exécuté, soldé, classé;registre_UBI_Contrats_archives.md
EP-I-423-002;archives;Contrat d'exploitation;Palyr ↔ Arthas;Exploitation de source minérale pour bains et teintures;;423-X-18;423-XII-12;I;2'550 couronnes;51 couronnes;Exécuté, soldé, classé;registre_UBI_Contrats_archives.md
EC-I-424-002;archives;Contrat d'exclusivité;Sfaal ↔ Ther-Félis;Exclusivité de vente de sel gris dans trois halles;;424-III-19;424-IV-13;I;3'600 couronnes;72 couronnes;Exécuté, soldé, classé;registre_UBI_Contrats_archives.md
SE-III-424-004;archives;Contrat de service;Arthas ↔ Ther-Félis;Transport discret de liasses de dette, matrices de sceaux et reçus parallèles;;424-VIII-12;424-XI-19;III;9'450 couronnes;189 couronnes;Exécuté, soldé, classé;registre_UBI_Contrats_archives.md
CO-II-424-003;archives;Contrat commercial;Arthas ↔ Palyr;Vente de sel d'alun, mordants de teinture et savons de laine;;424-X-03;424-XII-06;II;11'800 couronnes;236 couronnes;Exécuté, soldé, classé;registre_UBI_Contrats_archives.md
EC-I-424-001;archives;Contrat d'exclusivité;Arthas ↔ Palyr;Priorité d'achat sur plantes tinctoriales séchées;;424-XII-23;424-XII-18;I;2'950 couronnes;59 couronnes;Exécuté, soldé, classé;registre_UBI_Contrats_archives.md
DE-III-425-002;archives;Contrat de dette;Sfaal ↔ Arthas;Prêt garanti pour reconstitution de réserves métalliques après crise de change;;425-IV-16;425-VII-29;III;9'950 couronnes;199 couronnes;Exécuté, soldé, classé;registre_UBI_Contrats_archives.md
CO-III-425-001;archives;Contrat commercial;Sfaal ↔ Il-Irion;Achat de reliquaires techniques, lentilles gravées et plaques d'argent à usage d'atelier;;425-VII-10;425-VIII-10;III;8'500 couronnes;170 couronnes;Exécuté, soldé, classé;registre_UBI_Contrats_archives.md
SE-III-426-005;archives;Contrat de service;Il-Irion ↔ Ther-Félis;Transport discret de liasses de dette, matrices de sceaux et reçus parallèles;;426-II-15;426-V-19;III;9'150 couronnes;183 couronnes;Exécuté, soldé, classé;registre_UBI_Contrats_archives.md
CO-II-426-004;archives;Contrat commercial;Palyr ↔ Ther-Félis;Achat de blocs de granit poli, seuils sculptés et marches taillées;;426-III-11;426-IV-15;II;12'250 couronnes;245 couronnes;Exécuté, soldé, classé;registre_UBI_Contrats_archives.md
CO-I-426-001;archives;Contrat commercial;Ther-Félis ↔ Palyr;Achat de charbon de forge, coke et sacs de poussière noire;;426-VI-09;426-VIII-06;I;4'200 couronnes;84 couronnes;Exécuté, soldé, classé;registre_UBI_Contrats_archives.md
CO-I-426-003;archives;Contrat commercial;Arthas ↔ Il-Irion;Fourniture d'encre noire, gomme, parchemins et règles de scribe;;426-VIII-01;426-X-22;I;4'450 couronnes;89 couronnes;Exécuté, soldé, classé;registre_UBI_Contrats_archives.md
CO-I-426-002;archives;Contrat commercial;Il-Irion ↔ Ther-Félis;Fourniture d'encre noire, gomme, parchemins et règles de scribe;;426-IX-15;426-XII-13;I;4'950 couronnes;99 couronnes;Exécuté, soldé, classé;registre_UBI_Contrats_archives.md
CO-II-427-003;archives;Contrat commercial;Arthas ↔ Ther-Félis;Vente de fourrures de renard blanc, martre sombre et loup des hauts plateaux;;427-V-16;427-VII-21;II;12'500 couronnes;250 couronnes;Exécuté, soldé, classé;registre_UBI_Contrats_archives.md
PB-III-427-005;archives;Contrat de prêt bancaire;UBI ↔ Sfaal;Prêt bancaire pour avance d'exécution liée au contrat PR-III-427-004 : protection de témoins commerciaux avant arbitrage sur cargaison rare;;427-VIII-25;427-XI-09;III;4'175 couronnes;167 couronnes;Exécuté, remboursé, classé;registre_UBI_Contrats_archives.md
PR-III-427-004;archives;Contrat de protection;Sfaal ↔ Ther-Félis;Protection de témoins commerciaux avant arbitrage sur cargaison rare;;427-VIII-25;427-XI-09;III;8'350 couronnes;167 couronnes;Exécuté, soldé, classé;registre_UBI_Contrats_archives.md
SE-I-427-002;archives;Contrat de service;Il-Irion ↔ Arthas;Construction de rayonnages, coffres bas et pupitres de compte;;427-X-06;427-XII-02;I;4'850 couronnes;97 couronnes;Exécuté, soldé, classé;registre_UBI_Contrats_archives.md
CO-I-427-001;archives;Contrat commercial;Palyr ↔ Sfaal;Achat de planches de chêne, poutres courtes et chevilles de charpente;;427-XI-20;427-XII-19;I;5'400 couronnes;108 couronnes;Exécuté, soldé, classé;registre_UBI_Contrats_archives.md
PAR-I-427-006;archives;Paraphe de routes;Cinq cités confédérées;Constat des propriétés contractuelles des treize lignes marchandes après la sixième régate;;427-XII-01;427-XII-01;I;0 couronne;50 couronnes;Enregistré, classé;registre_UBI_Contrats_archives.md
SE-III-428-001;archives;Contrat de service;Sfaal ↔ Palyr;Mise à disposition de commis spécialisés pour copie de registres sensibles et reclassement de dettes;;428-IX-08;428-X-06;III;6'650 couronnes;133 couronnes;Exécuté, soldé, classé;registre_UBI_Contrats_archives.md
PR-I-429-003;archives;Contrat de protection;Ther-Félis ↔ Sfaal;Garde de coffre de succession avant partage;;429-III-14;429-VII-11;I;5'750 couronnes;115 couronnes;Exécuté, soldé, classé;registre_UBI_Contrats_archives.md
EP-I-429-002;archives;Contrat d'exploitation;Ther-Félis ↔ Sfaal;Ramassage de coquilles, chaux marine et sable blanc;;429-VIII-12;429-XI-14;I;7'400 couronnes;148 couronnes;Exécuté, soldé, classé;registre_UBI_Contrats_archives.md
EC-III-429-005;archives;Contrat d'exclusivité;Palyr ↔ Arthas;Alliance industrielle sur la fabrication de serrures à double empreinte et coffres de transit;;429-X-07;430-I-25;III;6'550 couronnes;131 couronnes;Exécuté, soldé, classé;registre_UBI_Contrats_archives.md
CO-II-429-004;archives;Contrat commercial;Palyr ↔ Arthas;Achat de pigments rares, laque rouge, bleu broyé et poudre d'or;;429-X-24;429-XII-04;II;12'950 couronnes;259 couronnes;Exécuté, soldé, classé;registre_UBI_Contrats_archives.md
EP-I-430-002;archives;Contrat d'exploitation;Il-Irion ↔ Sfaal;Coupe de pins droits pour mâts et longues perches;;430-V-19;430-VI-17;I;6'150 couronnes;123 couronnes;Exécuté, soldé, classé;registre_UBI_Contrats_archives.md
PB-III-430-005;archives;Contrat de prêt bancaire;UBI ↔ Il-Irion;Prêt bancaire pour avance d'exécution liée au contrat SE-III-430-004 : transport discret de liasses de dette, matrices de sceaux et reçus parallèles;;430-X-01;430-XII-20;III;4'900 couronnes;196 couronnes;Exécuté, remboursé, classé;registre_UBI_Contrats_archives.md
SE-III-430-004;archives;Contrat de service;Il-Irion ↔ Palyr;Transport discret de liasses de dette, matrices de sceaux et reçus parallèles;;430-X-01;430-XII-20;III;9'800 couronnes;196 couronnes;Exécuté, soldé, classé;registre_UBI_Contrats_archives.md
EC-I-430-001;archives;Contrat d'exclusivité;Il-Irion ↔ Sfaal;Exclusivité de copie pour contrats de foire;;430-X-17;430-XII-20;I;7'800 couronnes;156 couronnes;Exécuté, soldé, classé;registre_UBI_Contrats_archives.md
CO-II-430-003;archives;Contrat commercial;Il-Irion ↔ Sfaal;Achat de selles ouvragées, mors argentés et couvertures de parade;;430-XII-03;430-XII-10;II;10'200 couronnes;204 couronnes;Exécuté, soldé, classé;registre_UBI_Contrats_archives.md
SE-I-431-001;archives;Contrat de service;Palyr ↔ Il-Irion;Copie de registres de dettes et reclassement de bordereaux;;431-I-23;431-II-01;I;8'450 couronnes;169 couronnes;Exécuté, soldé, classé;registre_UBI_Contrats_archives.md
CO-I-431-002;archives;Contrat commercial;Arthas ↔ Il-Irion;Fourniture de peaux tannées, graisse de cuir et lacets d'attache;;431-IV-03;431-VI-08;I;9'200 couronnes;184 couronnes;Exécuté, soldé, classé;registre_UBI_Contrats_archives.md
SE-III-431-003;archives;Contrat de service;Sfaal ↔ Palyr;Transport discret de liasses de dette, matrices de sceaux et reçus parallèles;;431-VII-22;431-VIII-06;III;9'900 couronnes;198 couronnes;Exécuté, soldé, classé;registre_UBI_Contrats_archives.md
PB-III-432-006;archives;Contrat de prêt bancaire;UBI ↔ Il-Irion;Prêt bancaire pour avance d'exécution liée au contrat SE-III-432-005 : mise à disposition de commis spécialisés pour copie de registres sensibles et reclassement de dettes;;432-II-05;432-III-06;III;4'800 couronnes;192 couronnes;Exécuté, remboursé, classé;registre_UBI_Contrats_archives.md
SE-III-432-005;archives;Contrat de service;Il-Irion ↔ Sfaal;Mise à disposition de commis spécialisés pour copie de registres sensibles et reclassement de dettes;;432-II-05;432-III-06;III;9'600 couronnes;192 couronnes;Exécuté, soldé, classé;registre_UBI_Contrats_archives.md
CO-II-432-003;archives;Contrat commercial;Palyr ↔ Arthas;Achat de madriers d'ébène brun, placages de noyer noir et chevilles de buis;;432-IV-10;432-V-18;II;10'550 couronnes;211 couronnes;Exécuté, soldé, classé;registre_UBI_Contrats_archives.md
PB-III-432-007;archives;Contrat de prêt bancaire;UBI ↔ Sfaal;Prêt bancaire pour avance d'exécution liée au contrat SE-III-432-004 : mise à disposition de commis spécialisés pour copie de registres sensibles et reclassement de dettes;;432-IX-09;432-XII-07;III;3'900 couronnes;156 couronnes;Exécuté, remboursé, classé;registre_UBI_Contrats_archives.md
SE-III-432-004;archives;Contrat de service;Sfaal ↔ Il-Irion;Mise à disposition de commis spécialisés pour copie de registres sensibles et reclassement de dettes;;432-IX-09;432-XII-07;III;7'800 couronnes;156 couronnes;Exécuté, soldé, classé;registre_UBI_Contrats_archives.md
EC-I-432-002;archives;Contrat d'exclusivité;Palyr ↔ Sfaal;Priorité d'achat sur plantes tinctoriales séchées;;432-IX-26;432-XI-25;I;6'800 couronnes;136 couronnes;Exécuté, soldé, classé;registre_UBI_Contrats_archives.md
PAR-I-432-008;archives;Paraphe de routes;Cinq cités confédérées;Constat des propriétés contractuelles des treize lignes marchandes après la septième régate;;432-XII-01;432-XII-01;I;0 couronne;50 couronnes;Enregistré, classé;registre_UBI_Contrats_archives.md
PR-III-433-004;archives;Contrat de protection;Arthas ↔ Ther-Félis;Escorte armée de poudres alchimiques et d'ingrédients magiques entre deux comptoirs;;433-III-30;433-V-15;III;6'400 couronnes;128 couronnes;Exécuté, soldé, classé;registre_UBI_Contrats_archives.md
CO-II-433-003;archives;Contrat commercial;Il-Irion ↔ Palyr;Achat de chevaux de trait, juments de selle et harnais complets;;433-VII-16;433-IX-25;II;10'900 couronnes;218 couronnes;Exécuté, soldé, classé;registre_UBI_Contrats_archives.md
CO-I-433-002;archives;Contrat commercial;Arthas ↔ Sfaal;Vente de sel gris, saumure et jarres de conservation;;433-XII-06;433-XII-06;I;7'400 couronnes;148 couronnes;Exécuté, soldé, classé;registre_UBI_Contrats_archives.md
PR-I-434-002;archives;Contrat de protection;Sfaal ↔ Arthas;Escorte de navire côtier chargé de biens de compte;;434-III-26;434-V-09;I;3'650 couronnes;73 couronnes;Exécuté, soldé, classé;registre_UBI_Contrats_archives.md
PB-III-434-005;archives;Contrat de prêt bancaire;UBI ↔ Arthas;Prêt bancaire pour avance d'exécution liée au contrat PR-III-434-003 : escorte armée de poudres alchimiques et d'ingrédients magiques entre deux comptoirs;;434-V-10;434-VII-13;III;3'125 couronnes;125 couronnes;Exécuté, remboursé, classé;registre_UBI_Contrats_archives.md
PR-III-434-003;archives;Contrat de protection;Arthas ↔ Il-Irion;Escorte armée de poudres alchimiques et d'ingrédients magiques entre deux comptoirs;;434-V-10;434-VII-13;III;6'250 couronnes;125 couronnes;Exécuté, soldé, classé;registre_UBI_Contrats_archives.md
DE-III-434-004;archives;Contrat de dette;Palyr ↔ Arthas;Prêt garanti pour reconstitution de réserves métalliques après crise de change;;434-IX-29;434-XII-29;III;9'700 couronnes;194 couronnes;Exécuté, soldé, classé;registre_UBI_Contrats_archives.md
SE-I-434-001;archives;Contrat de service;Arthas ↔ Ther-Félis;Nettoyage de citernes, rigoles et bassins de salaison;;434-XII-20;434-XII-02;I;2'850 couronnes;57 couronnes;Exécuté, soldé, classé;registre_UBI_Contrats_archives.md
CO-III-435-004;archives;Contrat commercial;Il-Irion ↔ Ther-Félis;Achat de reliquaires techniques, lentilles gravées et plaques d'argent à usage d'atelier;;435-II-08;435-IV-20;III;9'050 couronnes;181 couronnes;Exécuté, soldé, classé;registre_UBI_Contrats_archives.md
PB-III-435-005;archives;Contrat de prêt bancaire;UBI ↔ Il-Irion;Prêt bancaire pour avance d'exécution liée au contrat CO-III-435-004 : achat de reliquaires techniques, lentilles gravées et plaques d'argent à usage d'atelier;;435-II-08;435-IV-20;III;4'525 couronnes;181 couronnes;Exécuté, remboursé, classé;registre_UBI_Contrats_archives.md
EP-I-435-001;archives;Contrat d'exploitation;Ther-Félis ↔ Palyr;Prise de pierre noire pour meules et seuils;;435-V-05;435-VIII-15;I;4'050 couronnes;81 couronnes;Exécuté, soldé, classé;registre_UBI_Contrats_archives.md
CO-II-435-003;archives;Contrat commercial;Ther-Félis ↔ Il-Irion;Vente de sel d'alun, mordants de teinture et savons de laine;;435-XI-23;435-XII-07;II;11'300 couronnes;226 couronnes;Exécuté, soldé, classé;registre_UBI_Contrats_archives.md
CO-II-436-003;archives;Contrat commercial;Il-Irion ↔ Ther-Félis;Vente de fourrures de loutre, doublures de manteau et gants doublés;;436-II-03;436-VI-14;II;11'650 couronnes;233 couronnes;Exécuté, soldé, classé;registre_UBI_Contrats_archives.md
CO-III-436-004;archives;Contrat commercial;Palyr ↔ Arthas;Fourniture confidentielle de cristaux de veille, poudres de fixation et encres de sceau;;436-V-02;436-VIII-26;III;7'550 couronnes;151 couronnes;Exécuté, soldé, classé;registre_UBI_Contrats_archives.md
PB-III-436-005;archives;Contrat de prêt bancaire;UBI ↔ Palyr;Prêt bancaire pour avance d'exécution liée au contrat CO-III-436-004 : fourniture confidentielle de cristaux de veille, poudres de fixation et encres de sceau;;436-V-02;436-VIII-26;III;3'775 couronnes;151 couronnes;Exécuté, remboursé, classé;registre_UBI_Contrats_archives.md
PR-I-436-002;archives;Contrat de protection;Ther-Félis ↔ Palyr;Escorte de messagers porteurs de lettres de change;;436-VII-19;436-VIII-21;I;8'700 couronnes;174 couronnes;Exécuté, soldé, classé;registre_UBI_Contrats_archives.md
EC-I-436-001;archives;Contrat d'exclusivité;Il-Irion ↔ Ther-Félis;Priorité sur jarres d'huile et graisse de conservation;;436-VIII-11;436-XII-22;I;4'700 couronnes;94 couronnes;Exécuté, soldé, classé;registre_UBI_Contrats_archives.md
CO-III-437-003;archives;Contrat commercial;Il-Irion ↔ Arthas;Fourniture confidentielle de cristaux de veille, poudres de fixation et encres de sceau;;437-I-06;437-IV-24;III;6'050 couronnes;121 couronnes;Exécuté, soldé, classé;registre_UBI_Contrats_archives.md
PB-III-437-004;archives;Contrat de prêt bancaire;UBI ↔ Il-Irion;Prêt bancaire pour avance d'exécution liée au contrat CO-III-437-003 : fourniture confidentielle de cristaux de veille, poudres de fixation et encres de sceau;;437-I-06;437-IV-24;III;3'025 couronnes;121 couronnes;Exécuté, remboursé, classé;registre_UBI_Contrats_archives.md
CO-I-437-002;archives;Contrat commercial;Arthas ↔ Palyr;Vente de sel gris, saumure et jarres de conservation;;437-II-23;437-IV-10;I;6'100 couronnes;122 couronnes;Exécuté, soldé, classé;registre_UBI_Contrats_archives.md
PAR-I-437-005;archives;Paraphe de routes;Cinq cités confédérées;Constat des propriétés contractuelles des treize lignes marchandes après la huitième régate;;437-XII-01;437-XII-01;I;0 couronne;50 couronnes;Enregistré, classé;registre_UBI_Contrats_archives.md
EC-III-438-006;archives;Contrat d'exclusivité;Palyr ↔ Ther-Félis;Alliance industrielle sur la fabrication de serrures à double empreinte et coffres de transit;;438-II-15;438-IV-06;III;6'950 couronnes;139 couronnes;Exécuté, soldé, classé;registre_UBI_Contrats_archives.md
PB-III-438-007;archives;Contrat de prêt bancaire;UBI ↔ Palyr;Prêt bancaire pour avance d'exécution liée au contrat EC-III-438-006 : alliance industrielle sur la fabrication de serrures à double empreinte et coffres de transit;;438-II-15;438-IV-06;III;3'475 couronnes;139 couronnes;Exécuté, remboursé, classé;registre_UBI_Contrats_archives.md
CO-II-438-003;archives;Contrat commercial;Ther-Félis ↔ Sfaal;Vente de fourrures de renard blanc, martre sombre et loup des hauts plateaux;;438-VI-10;438-VII-22;II;12'000 couronnes;240 couronnes;Exécuté, soldé, classé;registre_UBI_Contrats_archives.md
CO-III-438-005;archives;Contrat commercial;Ther-Félis ↔ Arthas;Achat de reliquaires techniques, lentilles gravées et plaques d'argent à usage d'atelier;;438-VII-14;438-VIII-07;III;8'300 couronnes;166 couronnes;Exécuté, soldé, classé;registre_UBI_Contrats_archives.md
EP-I-438-002;archives;Contrat d'exploitation;Il-Irion ↔ Arthas;Exploitation de ruchers et prélèvement de cire;;438-XI-26;438-XII-03;I;9'350 couronnes;187 couronnes;Exécuté, soldé, classé;registre_UBI_Contrats_archives.md
CO-III-438-004;archives;Contrat commercial;Ther-Félis ↔ Palyr;Fourniture confidentielle de sels de dormance, racines de mnésis séchées et fioles d'huile lunaire;;438-XII-18;439-II-06;III;9'600 couronnes;192 couronnes;Exécuté, soldé, classé;registre_UBI_Contrats_archives.md
PB-III-438-008;archives;Contrat de prêt bancaire;UBI ↔ Ther-Félis;Prêt bancaire pour avance d'exécution liée au contrat CO-III-438-004 : fourniture confidentielle de sels de dormance, racines de mnésis séchées et fioles d'huile lunaire;;438-XII-18;439-II-06;III;4'800 couronnes;192 couronnes;Exécuté, remboursé, classé;registre_UBI_Contrats_archives.md
EC-I-439-003;archives;Contrat d'exclusivité;Ther-Félis ↔ Il-Irion;Priorité sur jarres d'huile et graisse de conservation;;439-III-07;439-VI-11;I;2'200 couronnes;44 couronnes;Exécuté, soldé, classé;registre_UBI_Contrats_archives.md
PB-III-439-006;archives;Contrat de prêt bancaire;UBI ↔ Palyr;Prêt bancaire pour avance d'exécution liée au contrat SE-III-439-005 : mise à disposition de commis spécialisés pour copie de registres sensibles et reclassement de dettes;;439-IV-26;439-V-28;III;3'325 couronnes;133 couronnes;Exécuté, remboursé, classé;registre_UBI_Contrats_archives.md
SE-III-439-005;archives;Contrat de service;Palyr ↔ Arthas;Mise à disposition de commis spécialisés pour copie de registres sensibles et reclassement de dettes;;439-IV-26;439-V-28;III;6'650 couronnes;133 couronnes;Exécuté, soldé, classé;registre_UBI_Contrats_archives.md
CO-I-439-001;archives;Contrat commercial;Ther-Félis ↔ Sfaal;Vente de cire blanche, suif, mèches et lanternes d'entrepôt;;439-VII-08;439-XI-23;I;7'100 couronnes;142 couronnes;Exécuté, soldé, classé;registre_UBI_Contrats_archives.md
SE-I-439-002;archives;Contrat de service;Il-Irion ↔ Palyr;Construction de rayonnages, coffres bas et pupitres de compte;;439-X-14;439-XI-04;I;7'900 couronnes;158 couronnes;Exécuté, soldé, classé;registre_UBI_Contrats_archives.md
CO-II-439-004;archives;Contrat commercial;Sfaal ↔ Il-Irion;Fourniture de verreries fines, flacons d'apothicaire et vitres colorées;;439-X-17;439-XII-04;II;12'450 couronnes;249 couronnes;Exécuté, soldé, classé;registre_UBI_Contrats_archives.md
EC-III-440-004;archives;Contrat d'exclusivité;Palyr ↔ Il-Irion;Alliance industrielle sur la fabrication de serrures à double empreinte et coffres de transit;;440-II-08;440-IV-28;III;8'600 couronnes;172 couronnes;Exécuté, soldé, classé;registre_UBI_Contrats_archives.md
PB-III-440-007;archives;Contrat de prêt bancaire;UBI ↔ Palyr;Prêt bancaire pour avance d'exécution liée au contrat EC-III-440-004 : alliance industrielle sur la fabrication de serrures à double empreinte et coffres de transit;;440-II-08;440-IV-28;III;4'300 couronnes;172 couronnes;Exécuté, remboursé, classé;registre_UBI_Contrats_archives.md
CO-III-440-005;archives;Contrat commercial;Arthas ↔ Palyr;Fourniture confidentielle de cristaux de veille, poudres de fixation et encres de sceau;;440-VI-07;440-VII-12;III;9'050 couronnes;181 couronnes;Exécuté, soldé, classé;registre_UBI_Contrats_archives.md
PB-III-440-006;archives;Contrat de prêt bancaire;UBI ↔ Arthas;Prêt bancaire pour avance d'exécution liée au contrat CO-III-440-005 : fourniture confidentielle de cristaux de veille, poudres de fixation et encres de sceau;;440-VI-07;440-VII-12;III;4'525 couronnes;181 couronnes;Exécuté, remboursé, classé;registre_UBI_Contrats_archives.md
PR-I-440-001;archives;Contrat de protection;Palyr ↔ Il-Irion;Garde de cave après saisie de tonneaux;;440-XII-19;440-XII-10;I;8'300 couronnes;166 couronnes;Exécuté, soldé, classé;registre_UBI_Contrats_archives.md
CO-II-440-003;archives;Contrat commercial;Ther-Félis ↔ Sfaal;Vente de bois de cèdre, panneaux parfumés et coffrets bruts;;440-XII-22;440-XII-10;II;12'700 couronnes;254 couronnes;Exécuté, soldé, classé;registre_UBI_Contrats_archives.md
CO-III-441-001;archives;Contrat commercial;Il-Irion ↔ Sfaal;Achat de reliquaires techniques, lentilles gravées et plaques d'argent à usage d'atelier;;441-XII-21;442-II-10;III;9'300 couronnes;186 couronnes;Exécuté, soldé, classé;registre_UBI_Contrats_archives.md
DE-III-442-005;archives;Contrat de dette;Palyr ↔ Sfaal;Prêt garanti pour reconstitution de réserves métalliques après crise de change;;442-II-26;442-III-21;III;9'250 couronnes;185 couronnes;Exécuté, soldé, classé;registre_UBI_Contrats_archives.md
CO-II-442-004;archives;Contrat commercial;Sfaal ↔ Palyr;Vente de cerises précoces, raisins de serre et herbes fraîches;;442-V-04;442-IX-19;II;10'150 couronnes;203 couronnes;Exécuté, soldé, classé;registre_UBI_Contrats_archives.md
EC-I-442-001;archives;Contrat d'exclusivité;Sfaal ↔ Il-Irion;Exclusivité de fourniture de lanternes de quai;;442-VI-05;442-X-24;I;9'550 couronnes;191 couronnes;Exécuté, soldé, classé;registre_UBI_Contrats_archives.md
SE-I-442-002;archives;Contrat de service;Ther-Félis ↔ Il-Irion;Rédaction de contrats de vente pour marchands étrangers;;442-IX-11;442-X-05;I;2'350 couronnes;47 couronnes;Exécuté, soldé, classé;registre_UBI_Contrats_archives.md
PAR-I-442-006;archives;Paraphe de routes;Cinq cités confédérées;Constat des propriétés contractuelles des treize lignes marchandes après la neuvième régate;;442-XII-01;442-XII-01;I;0 couronne;50 couronnes;Enregistré, classé;registre_UBI_Contrats_archives.md
EC-III-443-004;archives;Contrat d'exclusivité;Il-Irion ↔ Ther-Félis;Alliance industrielle sur la fabrication de serrures à double empreinte et coffres de transit;;443-III-18;443-VI-23;III;9'950 couronnes;199 couronnes;Exécuté, soldé, classé;registre_UBI_Contrats_archives.md
PB-III-443-006;archives;Contrat de prêt bancaire;UBI ↔ Il-Irion;Prêt bancaire pour avance d'exécution liée au contrat EC-III-443-004 : alliance industrielle sur la fabrication de serrures à double empreinte et coffres de transit;;443-III-18;443-VI-23;III;4'975 couronnes;199 couronnes;Exécuté, remboursé, classé;registre_UBI_Contrats_archives.md
CO-II-443-003;archives;Contrat commercial;Ther-Félis ↔ Palyr;Vente de cuirasses légères, casques rivetés et brassards de garde;;443-VII-09;443-VIII-25;II;10'400 couronnes;208 couronnes;Exécuté, soldé, classé;registre_UBI_Contrats_archives.md
EC-III-443-005;archives;Contrat d'exclusivité;Sfaal ↔ Il-Irion;Alliance industrielle sur la fabrication de serrures à double empreinte et coffres de transit;;443-IX-24;443-XI-18;III;8'900 couronnes;178 couronnes;Exécuté, soldé, classé;registre_UBI_Contrats_archives.md
CO-I-443-001;archives;Contrat commercial;Arthas ↔ Ther-Félis;Achat de poissons salés, huile de lampe et jarres de graisse;;443-XI-16;443-XII-11;I;2'750 couronnes;55 couronnes;Exécuté, soldé, classé;registre_UBI_Contrats_archives.md
PR-III-444-001;archives;Contrat de protection;Palyr ↔ Il-Irion;Protection de témoins commerciaux avant arbitrage sur cargaison rare;;444-V-10;444-VI-28;III;7'350 couronnes;147 couronnes;Exécuté, soldé, classé;registre_UBI_Contrats_archives.md
CO-III-445-005;archives;Contrat commercial;Ther-Félis ↔ Sfaal;Fourniture confidentielle de cristaux de veille, poudres de fixation et encres de sceau;;445-I-05;445-III-21;III;6'100 couronnes;122 couronnes;Exécuté, soldé, classé;registre_UBI_Contrats_archives.md
EP-I-445-003;archives;Contrat d'exploitation;Sfaal ↔ Ther-Félis;Extraction de sable lavé sur banc de rivière;;445-V-07;445-VIII-15;I;4'750 couronnes;95 couronnes;Exécuté, soldé, classé;registre_UBI_Contrats_archives.md
SE-I-445-002;archives;Contrat de service;Il-Irion ↔ Arthas;Mise en ordre d'archives notariales et reliure de liasses;;445-VIII-08;445-IX-06;I;4'800 couronnes;96 couronnes;Exécuté, soldé, classé;registre_UBI_Contrats_archives.md
CO-III-445-006;archives;Contrat commercial;Ther-Félis ↔ Palyr;Achat de reliquaires techniques, lentilles gravées et plaques d'argent à usage d'atelier;;445-IX-29;445-XII-12;III;7'300 couronnes;146 couronnes;Exécuté, soldé, classé;registre_UBI_Contrats_archives.md
PB-III-445-007;archives;Contrat de prêt bancaire;UBI ↔ Ther-Félis;Prêt bancaire pour avance d'exécution liée au contrat CO-III-445-006 : achat de reliquaires techniques, lentilles gravées et plaques d'argent à usage d'atelier;;445-IX-29;445-XII-12;III;3'650 couronnes;146 couronnes;Exécuté, remboursé, classé;registre_UBI_Contrats_archives.md
CO-II-445-004;archives;Contrat commercial;Sfaal ↔ Ther-Félis;Achat de tapis épais, tentures brodées et coussins de réception;;445-XII-17;445-XII-08;II;10'850 couronnes;217 couronnes;Exécuté, soldé, classé;registre_UBI_Contrats_archives.md
CO-II-446-003;archives;Contrat commercial;Ther-Félis ↔ Arthas;Achat de cuivre martelé, gouttières fines et clous d'ornement;;446-II-22;446-V-14;II;11'100 couronnes;222 couronnes;Exécuté, soldé, classé;registre_UBI_Contrats_archives.md
EC-I-446-002;archives;Contrat d'exclusivité;Ther-Félis ↔ Sfaal;Priorité sur peaux tannées pour équipements de garde;;446-VII-12;446-XI-21;I;5'200 couronnes;104 couronnes;Exécuté, soldé, classé;registre_UBI_Contrats_archives.md
DE-III-446-004;archives;Contrat de dette;Il-Irion ↔ Sfaal;Prêt garanti pour reconstitution de réserves métalliques après crise de change;;446-X-05;447-I-05;III;7'250 couronnes;145 couronnes;Exécuté, soldé, classé;registre_UBI_Contrats_archives.md
DE-III-447-001;archives;Contrat de dette;Palyr ↔ Il-Irion;Prêt garanti pour reconstitution de réserves métalliques après crise de change;;447-VI-17;447-VII-17;III;7'950 couronnes;159 couronnes;Exécuté, soldé, classé;registre_UBI_Contrats_archives.md
PAR-I-447-002;archives;Paraphe de routes;Cinq cités confédérées;Constat des propriétés contractuelles des treize lignes marchandes après la dixième régate;;447-XII-01;447-XII-01;I;0 couronne;50 couronnes;Enregistré, classé;registre_UBI_Contrats_archives.md
EC-I-448-001;archives;Contrat d'exclusivité;Sfaal ↔ Ther-Félis;Priorité d'achat sur fer doux pour ateliers de serrures;;448-IV-25;448-VIII-26;I;6'450 couronnes;129 couronnes;Exécuté, soldé, classé;registre_UBI_Contrats_archives.md
SE-III-448-005;archives;Contrat de service;Sfaal ↔ Arthas;Transport discret de liasses de dette, matrices de sceaux et reçus parallèles;;448-VI-24;448-VIII-06;III;7'400 couronnes;148 couronnes;Exécuté, soldé, classé;registre_UBI_Contrats_archives.md
CO-II-448-004;archives;Contrat commercial;Sfaal ↔ Arthas;Achat de soies teintes, brocarts d'or pâle et velours bleu de cérémonie;;448-VII-04;448-XI-23;II;11'600 couronnes;232 couronnes;Exécuté, soldé, classé;registre_UBI_Contrats_archives.md
CO-I-448-003;archives;Contrat commercial;Il-Irion ↔ Arthas;Vente de vin de table, vinaigre et tonnelets de lies;;448-XII-20;448-XII-04;I;6'050 couronnes;121 couronnes;Exécuté, soldé, classé;registre_UBI_Contrats_archives.md
SE-I-449-002;archives;Contrat de service;Palyr ↔ Ther-Félis;Rédaction de contrats de vente pour marchands étrangers;;449-II-25;449-IV-10;I;6'450 couronnes;129 couronnes;Exécuté, soldé, classé;registre_UBI_Contrats_archives.md
EC-III-449-004;archives;Contrat d'exclusivité;Ther-Félis ↔ Arthas;Exclusivité industrielle sur filtres de distillation, sels rares et alambics scellés;;449-VII-13;449-X-10;III;7'600 couronnes;152 couronnes;Exécuté, soldé, classé;registre_UBI_Contrats_archives.md
PB-III-449-005;archives;Contrat de prêt bancaire;UBI ↔ Ther-Félis;Prêt bancaire pour avance d'exécution liée au contrat EC-III-449-004 : exclusivité industrielle sur filtres de distillation, sels rares et alambics scellés;;449-VII-13;449-X-10;III;3'800 couronnes;152 couronnes;Exécuté, remboursé, classé;registre_UBI_Contrats_archives.md
CO-II-449-003;archives;Contrat commercial;Arthas ↔ Il-Irion;Achat de fruits fragiles, poires d'hiver, figues violettes et paniers de pêches;;449-IX-09;449-X-03;II;11'850 couronnes;237 couronnes;Exécuté, soldé, classé;registre_UBI_Contrats_archives.md
CO-I-450-002;archives;Contrat commercial;Arthas ↔ Sfaal;Fourniture de peaux tannées, graisse de cuir et lacets d'attache;;450-III-22;450-VII-01;I;9'050 couronnes;181 couronnes;Exécuté, soldé, classé;registre_UBI_Contrats_archives.md
CO-III-450-003;archives;Contrat commercial;Sfaal ↔ Ther-Félis;Achat de reliquaires techniques, lentilles gravées et plaques d'argent à usage d'atelier;;450-X-01;450-XII-03;III;8'900 couronnes;178 couronnes;Exécuté, soldé, classé;registre_UBI_Contrats_archives.md
PB-III-450-004;archives;Contrat de prêt bancaire;UBI ↔ Sfaal;Prêt bancaire pour avance d'exécution liée au contrat CO-III-450-003 : achat de reliquaires techniques, lentilles gravées et plaques d'argent à usage d'atelier;;450-X-01;450-XII-03;III;4'450 couronnes;178 couronnes;Exécuté, remboursé, classé;registre_UBI_Contrats_archives.md
CO-I-450-001;archives;Contrat commercial;Palyr ↔ Sfaal;Achat de cuivre rouge, rivets et plaques de chaudière;;450-XII-16;450-XII-20;I;8'250 couronnes;165 couronnes;Exécuté, soldé, classé;registre_UBI_Contrats_archives.md
CO-II-451-003;archives;Contrat commercial;Sfaal ↔ Arthas;Vente de bois de cèdre, panneaux parfumés et coffrets bruts;;451-I-16;451-III-11;II;12'200 couronnes;244 couronnes;Exécuté, soldé, classé;registre_UBI_Contrats_archives.md
EC-III-451-004;archives;Contrat d'exclusivité;Sfaal ↔ Ther-Félis;Exclusivité industrielle sur filtres de distillation, sels rares et alambics scellés;;451-IV-17;451-VII-15;III;6'650 couronnes;133 couronnes;Exécuté, soldé, classé;registre_UBI_Contrats_archives.md
PB-III-451-005;archives;Contrat de prêt bancaire;UBI ↔ Sfaal;Prêt bancaire pour avance d'exécution liée au contrat EC-III-451-004 : exclusivité industrielle sur filtres de distillation, sels rares et alambics scellés;;451-IV-17;451-VII-15;III;3'325 couronnes;133 couronnes;Exécuté, remboursé, classé;registre_UBI_Contrats_archives.md
PR-I-451-002;archives;Contrat de protection;Arthas ↔ Ther-Félis;Garde de greniers pendant un litige de livraison;;451-VI-06;451-IX-18;I;7'100 couronnes;142 couronnes;Exécuté, soldé, classé;registre_UBI_Contrats_archives.md
CO-II-452-003;archives;Contrat commercial;Arthas ↔ Sfaal;Achat de chevaux rapides pour relais de messagers;;452-IV-22;452-VII-18;II;12'550 couronnes;251 couronnes;Exécuté, soldé, classé;registre_UBI_Contrats_archives.md
CO-III-452-004;archives;Contrat commercial;Il-Irion ↔ Palyr;Fourniture confidentielle de cristaux de veille, poudres de fixation et encres de sceau;;452-V-17;452-VII-01;III;8'350 couronnes;167 couronnes;Exécuté, soldé, classé;registre_UBI_Contrats_archives.md
PR-I-452-001;archives;Contrat de protection;Ther-Félis ↔ Il-Irion;Garde de chantier naval pendant pose de pièces importées;;452-VIII-07;452-X-14;I;2'050 couronnes;41 couronnes;Exécuté, soldé, classé;registre_UBI_Contrats_archives.md
PAR-I-452-005;archives;Paraphe de routes;Cinq cités confédérées;Constat des propriétés contractuelles des treize lignes marchandes après la onzième régate;;452-XII-01;452-XII-01;I;0 couronne;50 couronnes;Enregistré, classé;registre_UBI_Contrats_archives.md
EC-I-453-002;archives;Contrat d'exclusivité;Palyr ↔ Il-Irion;Exclusivité de fourniture de tonnelets pour caves;;453-II-19;453-VI-02;I;3'500 couronnes;70 couronnes;Exécuté, soldé, classé;registre_UBI_Contrats_archives.md
EC-III-453-003;archives;Contrat d'exclusivité;Ther-Félis ↔ Il-Irion;Alliance industrielle sur la fabrication de serrures à double empreinte et coffres de transit;;453-XII-27;454-II-17;III;9'900 couronnes;198 couronnes;Exécuté, soldé, classé;registre_UBI_Contrats_archives.md
EC-I-454-002;archives;Contrat d'exclusivité;Arthas ↔ Il-Irion;Priorité d'achat sur grains d'orge après récolte;;454-I-19;454-II-07;I;8'400 couronnes;168 couronnes;Exécuté, soldé, classé;registre_UBI_Contrats_archives.md
CO-III-454-004;archives;Contrat commercial;Palyr ↔ Sfaal;Achat de reliquaires techniques, lentilles gravées et plaques d'argent à usage d'atelier;;454-II-10;454-III-17;III;6'800 couronnes;136 couronnes;Exécuté, soldé, classé;registre_UBI_Contrats_archives.md
CO-II-454-003;archives;Contrat commercial;Palyr ↔ Il-Irion;Vente de cuirasses légères, casques rivetés et brassards de garde;;454-VIII-03;454-XII-26;II;12'900 couronnes;258 couronnes;Exécuté, soldé, classé;registre_UBI_Contrats_archives.md
CO-I-455-002;archives;Contrat commercial;Sfaal ↔ Il-Irion;Achat de fer doux, clous longs et bandes de cerclage;;455-IV-25;455-VI-14;I;9'000 couronnes;180 couronnes;Exécuté, soldé, classé;registre_UBI_Contrats_archives.md
EC-III-455-004;archives;Contrat d'exclusivité;Il-Irion ↔ Palyr;Exclusivité industrielle sur filtres de distillation, sels rares et alambics scellés;;455-V-16;455-VIII-24;III;9'050 couronnes;181 couronnes;Exécuté, soldé, classé;registre_UBI_Contrats_archives.md
CO-I-455-001;archives;Contrat commercial;Il-Irion ↔ Arthas;Vente de vin de table, vinaigre et tonnelets de lies;;455-VII-04;455-IX-15;I;4'500 couronnes;90 couronnes;Exécuté, soldé, classé;registre_UBI_Contrats_archives.md
CO-II-455-003;archives;Contrat commercial;Arthas ↔ Palyr;Fourniture de tuiles vernissées, ferrures de portail et plomb de toiture;;455-XI-09;455-XII-07;II;10'250 couronnes;205 couronnes;Exécuté, soldé, classé;registre_UBI_Contrats_archives.md
EC-III-455-005;archives;Contrat d'exclusivité;Arthas ↔ Ther-Félis;Exclusivité industrielle sur filtres de distillation, sels rares et alambics scellés;;455-XII-05;456-II-28;III;7'500 couronnes;150 couronnes;Exécuté, soldé, classé;registre_UBI_Contrats_archives.md
PB-III-455-006;archives;Contrat de prêt bancaire;UBI ↔ Arthas;Prêt bancaire pour avance d'exécution liée au contrat EC-III-455-005 : exclusivité industrielle sur filtres de distillation, sels rares et alambics scellés;;455-XII-05;456-II-28;III;3'750 couronnes;150 couronnes;Exécuté, remboursé, classé;registre_UBI_Contrats_archives.md
CO-I-456-002;archives;Contrat commercial;Arthas ↔ Ther-Félis;Vente de sel gris, saumure et jarres de conservation;;456-I-16;456-V-03;I;5'900 couronnes;118 couronnes;Exécuté, soldé, classé;registre_UBI_Contrats_archives.md
CO-III-456-003;archives;Contrat commercial;Arthas ↔ Il-Irion;Fourniture confidentielle de cristaux de veille, poudres de fixation et encres de sceau;;456-IX-09;456-XI-29;III;9'250 couronnes;185 couronnes;Exécuté, soldé, classé;registre_UBI_Contrats_archives.md
PB-III-456-005;archives;Contrat de prêt bancaire;UBI ↔ Arthas;Prêt bancaire pour avance d'exécution liée au contrat CO-III-456-003 : fourniture confidentielle de cristaux de veille, poudres de fixation et encres de sceau;;456-IX-09;456-XI-29;III;4'625 couronnes;185 couronnes;Exécuté, remboursé, classé;registre_UBI_Contrats_archives.md
PB-III-456-006;archives;Contrat de prêt bancaire;UBI ↔ Arthas;Prêt bancaire pour avance d'exécution liée au contrat SE-III-456-004 : transport discret de liasses de dette, matrices de sceaux et reçus parallèles;;456-X-09;457-I-29;III;4'950 couronnes;198 couronnes;Exécuté, remboursé, classé;registre_UBI_Contrats_archives.md
SE-III-456-004;archives;Contrat de service;Arthas ↔ Ther-Félis;Transport discret de liasses de dette, matrices de sceaux et reçus parallèles;;456-X-09;457-I-29;III;9'900 couronnes;198 couronnes;Exécuté, soldé, classé;registre_UBI_Contrats_archives.md
CO-III-457-004;archives;Contrat commercial;Arthas ↔ Ther-Félis;Fourniture confidentielle de cristaux de veille, poudres de fixation et encres de sceau;;457-II-18;457-V-12;III;9'850 couronnes;197 couronnes;Exécuté, soldé, classé;registre_UBI_Contrats_archives.md
PB-III-457-005;archives;Contrat de prêt bancaire;UBI ↔ Arthas;Prêt bancaire pour avance d'exécution liée au contrat CO-III-457-004 : fourniture confidentielle de cristaux de veille, poudres de fixation et encres de sceau;;457-II-18;457-V-12;III;4'925 couronnes;197 couronnes;Exécuté, remboursé, classé;registre_UBI_Contrats_archives.md
CO-II-457-003;archives;Contrat commercial;Palyr ↔ Sfaal;Achat de cuivre martelé, gouttières fines et clous d'ornement;;457-III-16;457-V-15;II;10'600 couronnes;212 couronnes;Exécuté, soldé, classé;registre_UBI_Contrats_archives.md
SE-I-457-002;archives;Contrat de service;Ther-Félis ↔ Sfaal;Tri de ballots saisis et rédaction des listes de restitution;;457-VIII-06;457-XI-22;I;9'700 couronnes;194 couronnes;Exécuté, soldé, classé;registre_UBI_Contrats_archives.md
PAR-I-457-006;archives;Paraphe de routes;Cinq cités confédérées;Constat des propriétés contractuelles des treize lignes marchandes après la douzième régate;;457-XII-01;457-XII-01;I;0 couronne;50 couronnes;Enregistré, classé;registre_UBI_Contrats_archives.md
PR-I-458-001;archives;Contrat de protection;Ther-Félis ↔ Palyr;Protection de témoins commerciaux avant arbitrage;;458-VI-01;458-VIII-16;I;6'950 couronnes;139 couronnes;Exécuté, soldé, classé;registre_UBI_Contrats_archives.md
CO-II-458-004;archives;Contrat commercial;Il-Irion ↔ Sfaal;Fourniture de minerai de fer noir, hématite rouge et sacs de charbon de forge;;458-VII-23;458-X-23;II;11'050 couronnes;221 couronnes;Exécuté, soldé, classé;registre_UBI_Contrats_archives.md
EP-I-458-002;archives;Contrat d'exploitation;Il-Irion ↔ Ther-Félis;Cueillette de résine et d'écorce à tan;;458-IX-07;458-XII-23;I;7'750 couronnes;155 couronnes;Exécuté, soldé, classé;registre_UBI_Contrats_archives.md
PB-III-458-006;archives;Contrat de prêt bancaire;UBI ↔ Sfaal;Prêt bancaire pour avance d'exécution liée au contrat SE-III-458-005 : transport discret de liasses de dette, matrices de sceaux et reçus parallèles;;458-XII-12;459-I-03;III;3'800 couronnes;152 couronnes;Exécuté, remboursé, classé;registre_UBI_Contrats_archives.md
SE-III-458-005;archives;Contrat de service;Sfaal ↔ Arthas;Transport discret de liasses de dette, matrices de sceaux et reçus parallèles;;458-XII-12;459-I-03;III;7'600 couronnes;152 couronnes;Exécuté, soldé, classé;registre_UBI_Contrats_archives.md
EP-III-459-004;archives;Contrat d'exploitation;Palyr ↔ Il-Irion;Exploitation limitée d'une source minérale utilisée pour bains, teintures et préparations magiques;;459-II-13;459-V-21;III;7'000 couronnes;140 couronnes;Exécuté, soldé, classé;registre_UBI_Contrats_archives.md
CO-II-459-003;archives;Contrat commercial;Palyr ↔ Sfaal;Vente de fleurs coupées, bulbes rares et couronnes de serre;;459-IX-02;459-XII-03;II;11'300 couronnes;226 couronnes;Exécuté, soldé, classé;registre_UBI_Contrats_archives.md
PB-III-459-006;archives;Contrat de prêt bancaire;UBI ↔ Ther-Félis;Prêt bancaire pour avance d'exécution liée au contrat PR-III-459-005 : protection de témoins commerciaux avant arbitrage sur cargaison rare;;459-XI-06;460-II-18;III;3'025 couronnes;121 couronnes;Exécuté, remboursé, classé;registre_UBI_Contrats_archives.md
PR-III-459-005;archives;Contrat de protection;Ther-Félis ↔ Arthas;Protection de témoins commerciaux avant arbitrage sur cargaison rare;;459-XI-06;460-II-18;III;6'050 couronnes;121 couronnes;Exécuté, soldé, classé;registre_UBI_Contrats_archives.md
EC-I-459-001;archives;Contrat d'exclusivité;Palyr ↔ Sfaal;Exclusivité de transport de pierres de taille;;459-XI-12;459-XII-03;I;8'150 couronnes;163 couronnes;Exécuté, soldé, classé;registre_UBI_Contrats_archives.md
PB-III-460-002;archives;Contrat de prêt bancaire;UBI ↔ Arthas;Prêt bancaire pour avance d'exécution liée au contrat PR-III-460-001 : protection de témoins commerciaux avant arbitrage sur cargaison rare;;460-IX-14;460-XII-18;III;4'950 couronnes;198 couronnes;Exécuté, remboursé, classé;registre_UBI_Contrats_archives.md
PR-III-460-001;archives;Contrat de protection;Arthas ↔ Ther-Félis;Protection de témoins commerciaux avant arbitrage sur cargaison rare;;460-IX-14;460-XII-18;III;9'900 couronnes;198 couronnes;Exécuté, soldé, classé;registre_UBI_Contrats_archives.md
CO-II-461-004;archives;Contrat commercial;Il-Irion ↔ Palyr;Fourniture de pierres semi-précieuses, perles d'eau douce et cabochons verts;;461-II-10;461-III-12;II;11'800 couronnes;236 couronnes;Exécuté, soldé, classé;registre_UBI_Contrats_archives.md
EC-III-461-006;archives;Contrat d'exclusivité;Palyr ↔ Il-Irion;Exclusivité industrielle sur filtres de distillation, sels rares et alambics scellés;;461-II-19;461-IV-02;III;9'500 couronnes;190 couronnes;Exécuté, soldé, classé;registre_UBI_Contrats_archives.md
CO-I-461-001;archives;Contrat commercial;Sfaal ↔ Palyr;Achat de laine brute, fil teint et aiguilles d'atelier;;461-V-24;461-VII-17;I;9'400 couronnes;188 couronnes;Exécuté, soldé, classé;registre_UBI_Contrats_archives.md
EC-I-461-003;archives;Contrat d'exclusivité;Arthas ↔ Ther-Félis;Priorité sur bois de chêne sec pour coffres;;461-VII-26;461-IX-19;I;3'800 couronnes;76 couronnes;Exécuté, soldé, classé;registre_UBI_Contrats_archives.md
CO-I-461-002;archives;Contrat commercial;Ther-Félis ↔ Sfaal;Fourniture de serrures, moraillons, clés et plaques de coffre;;461-VIII-04;461-XI-24;I;2'150 couronnes;43 couronnes;Exécuté, soldé, classé;registre_UBI_Contrats_archives.md
PB-III-461-007;archives;Contrat de prêt bancaire;UBI ↔ Sfaal;Prêt bancaire pour avance d'exécution liée au contrat PR-III-461-005 : protection de témoins commerciaux avant arbitrage sur cargaison rare;;461-IX-02;461-X-27;III;4'075 couronnes;163 couronnes;Exécuté, remboursé, classé;registre_UBI_Contrats_archives.md
PR-III-461-005;archives;Contrat de protection;Sfaal ↔ Arthas;Protection de témoins commerciaux avant arbitrage sur cargaison rare;;461-IX-02;461-X-27;III;8'150 couronnes;163 couronnes;Exécuté, soldé, classé;registre_UBI_Contrats_archives.md
EP-III-462-004;archives;Contrat d'exploitation;Ther-Félis ↔ Sfaal;Exploitation limitée d'une source minérale utilisée pour bains, teintures et préparations magiques;;462-III-16;462-IV-04;III;9'600 couronnes;192 couronnes;Exécuté, soldé, classé;registre_UBI_Contrats_archives.md
CO-II-462-003;archives;Contrat commercial;Palyr ↔ Ther-Félis;Fourniture de lances montées, boucliers peints et sangles de réserve;;462-IV-15;462-VI-18;II;12'050 couronnes;241 couronnes;Exécuté, soldé, classé;registre_UBI_Contrats_archives.md
CO-I-462-001;archives;Contrat commercial;Il-Irion ↔ Sfaal;Achat de poissons salés, huile de lampe et jarres de graisse;;462-X-09;462-XII-04;I;2'600 couronnes;52 couronnes;Exécuté, soldé, classé;registre_UBI_Contrats_archives.md
PAR-I-462-005;archives;Paraphe de routes;Cinq cités confédérées;Constat des propriétés contractuelles des treize lignes marchandes après la treizième régate;;462-XII-01;462-XII-01;I;0 couronne;50 couronnes;Enregistré, classé;registre_UBI_Contrats_archives.md
CO-III-463-001;archives;Contrat commercial;Sfaal ↔ Palyr;Achat de reliquaires techniques, lentilles gravées et plaques d'argent à usage d'atelier;;463-X-24;464-I-02;III;8'450 couronnes;169 couronnes;Exécuté, soldé, classé;registre_UBI_Contrats_archives.md
PB-III-463-003;archives;Contrat de prêt bancaire;UBI ↔ Sfaal;Prêt bancaire pour avance d'exécution liée au contrat CO-III-463-001 : achat de reliquaires techniques, lentilles gravées et plaques d'argent à usage d'atelier;;463-X-24;464-I-02;III;4'225 couronnes;169 couronnes;Exécuté, remboursé, classé;registre_UBI_Contrats_archives.md
EP-III-463-002;archives;Contrat d'exploitation;Sfaal ↔ Palyr;Exploitation limitée d'une source minérale utilisée pour bains, teintures et préparations magiques;;463-XII-26;464-II-12;III;6'600 couronnes;132 couronnes;Exécuté, soldé, classé;registre_UBI_Contrats_archives.md
SE-I-464-003;archives;Contrat de service;Arthas ↔ Il-Irion;Formation de commis aux poids, mesures et comptes de quai;;464-II-13;464-VI-08;I;5'100 couronnes;102 couronnes;Exécuté, soldé, classé;registre_UBI_Contrats_archives.md
PR-I-464-001;archives;Contrat de protection;Arthas ↔ Il-Irion;Escorte de ballots précieux pendant une foire;;464-IV-21;464-VI-18;I;3'800 couronnes;76 couronnes;Exécuté, soldé, classé;registre_UBI_Contrats_archives.md
EC-III-464-005;archives;Contrat d'exclusivité;Il-Irion ↔ Palyr;Exclusivité industrielle sur filtres de distillation, sels rares et alambics scellés;;464-VIII-26;464-X-27;III;8'550 couronnes;171 couronnes;Exécuté, soldé, classé;registre_UBI_Contrats_archives.md
PB-III-464-006;archives;Contrat de prêt bancaire;UBI ↔ Il-Irion;Prêt bancaire pour avance d'exécution liée au contrat EC-III-464-005 : exclusivité industrielle sur filtres de distillation, sels rares et alambics scellés;;464-VIII-26;464-X-27;III;4'275 couronnes;171 couronnes;Exécuté, remboursé, classé;registre_UBI_Contrats_archives.md
CO-II-464-004;archives;Contrat commercial;Il-Irion ↔ Ther-Félis;Achat de lames d'épée, fers de lance, carreaux d'arbalète et pointes trempées;;464-IX-23;464-XII-01;II;12'500 couronnes;250 couronnes;Exécuté, soldé, classé;registre_UBI_Contrats_archives.md
DE-III-465-004;archives;Contrat de dette;Sfaal ↔ Palyr;Prêt garanti pour reconstitution de réserves métalliques après crise de change;;465-II-18;465-V-19;III;8'300 couronnes;166 couronnes;Exécuté, soldé, classé;registre_UBI_Contrats_archives.md
EC-I-465-001;archives;Contrat d'exclusivité;Palyr ↔ Arthas;Priorité d'achat sur grains d'orge après récolte;;465-IX-06;465-XII-05;I;5'000 couronnes;100 couronnes;Exécuté, soldé, classé;registre_UBI_Contrats_archives.md
CO-II-465-003;archives;Contrat commercial;Palyr ↔ Arthas;Vente de miel clair, épices entières, fruits confits et sucre de pain;;465-XI-02;465-XII-07;II;12'750 couronnes;255 couronnes;Exécuté, soldé, classé;registre_UBI_Contrats_archives.md
CO-III-466-002;archives;Contrat commercial;Il-Irion ↔ Sfaal;Achat de reliquaires techniques, lentilles gravées et plaques d'argent à usage d'atelier;;466-VII-01;466-X-28;III;9'950 couronnes;199 couronnes;Exécuté, soldé, classé;registre_UBI_Contrats_archives.md
PB-III-466-003;archives;Contrat de prêt bancaire;UBI ↔ Il-Irion;Prêt bancaire pour avance d'exécution liée au contrat CO-III-466-002 : achat de reliquaires techniques, lentilles gravées et plaques d'argent à usage d'atelier;;466-VII-01;466-X-28;III;4'975 couronnes;199 couronnes;Exécuté, remboursé, classé;registre_UBI_Contrats_archives.md
SE-I-466-001;archives;Contrat de service;Arthas ↔ Ther-Félis;Transport administratif de liasses scellées entre comptoirs;;466-XII-12;466-XII-12;I;5'650 couronnes;113 couronnes;Exécuté, soldé, classé;registre_UBI_Contrats_archives.md
CO-II-467-003;archives;Contrat commercial;Il-Irion ↔ Ther-Félis;Fourniture de plantes médicinales fraîches, racines rares et fleurs de serre;;467-III-09;467-IV-15;II;10'100 couronnes;202 couronnes;Exécuté, soldé, classé;registre_UBI_Contrats_archives.md
CO-I-467-001;archives;Contrat commercial;Ther-Félis ↔ Palyr;Achat de laine brute, fil teint et aiguilles d'atelier;;467-V-23;467-VIII-25;I;6'850 couronnes;137 couronnes;Exécuté, soldé, classé;registre_UBI_Contrats_archives.md
EP-I-467-002;archives;Contrat d'exploitation;Ther-Félis ↔ Il-Irion;Exploitation de source minérale pour bains et teintures;;467-VIII-25;467-X-22;I;6'150 couronnes;123 couronnes;Exécuté, soldé, classé;registre_UBI_Contrats_archives.md
EC-III-467-004;archives;Contrat d'exclusivité;Il-Irion ↔ Arthas;Exclusivité industrielle sur filtres de distillation, sels rares et alambics scellés;;467-X-23;468-I-23;III;9'250 couronnes;185 couronnes;Exécuté, soldé, classé;registre_UBI_Contrats_archives.md
PAR-I-467-005;archives;Paraphe de routes;Cinq cités confédérées;Constat des propriétés contractuelles des treize lignes marchandes après la quatorzième régate;;467-XII-01;467-XII-01;I;0 couronne;50 couronnes;Enregistré, classé;registre_UBI_Contrats_archives.md
CO-II-468-003;archives;Contrat commercial;Ther-Félis ↔ Il-Irion;Vente de lingots d'argent gris, grenaille d'étain pur et plaques de cuivre rouge;;468-VI-15;468-VIII-22;II;10'450 couronnes;209 couronnes;Exécuté, soldé, classé;registre_UBI_Contrats_archives.md
CO-I-468-001;archives;Contrat commercial;Il-Irion ↔ Ther-Félis;Fourniture de serrures, moraillons, clés et plaques de coffre;;468-VIII-03;468-XII-06;I;7'450 couronnes;149 couronnes;Exécuté, soldé, classé;registre_UBI_Contrats_archives.md
DE-III-468-004;archives;Contrat de dette;Palyr ↔ Sfaal;Prêt garanti pour reconstitution de réserves métalliques après crise de change;;468-X-23;469-I-29;III;7'100 couronnes;142 couronnes;Exécuté, soldé, classé;registre_UBI_Contrats_archives.md
EC-I-468-002;archives;Contrat d'exclusivité;Il-Irion ↔ Sfaal;Priorité d'achat sur le cuivre rouge livré au port;;468-XI-05;468-XII-03;I;6'800 couronnes;136 couronnes;Exécuté, soldé, classé;registre_UBI_Contrats_archives.md
DE-III-469-003;archives;Contrat de dette;Ther-Félis ↔ Il-Irion;Prêt garanti pour reconstitution de réserves métalliques après crise de change;;469-II-14;469-IV-11;III;9'800 couronnes;196 couronnes;Exécuté, soldé, classé;registre_UBI_Contrats_archives.md
PR-III-469-002;archives;Contrat de protection;Ther-Félis ↔ Il-Irion;Escorte armée de poudres alchimiques et d'ingrédients magiques entre deux comptoirs;;469-VI-02;469-VIII-04;III;6'750 couronnes;135 couronnes;Exécuté, soldé, classé;registre_UBI_Contrats_archives.md
SE-I-469-001;archives;Contrat de service;Palyr ↔ Ther-Félis;Copie de registres de dettes et reclassement de bordereaux;;469-XI-09;469-XII-13;I;8'050 couronnes;161 couronnes;Exécuté, soldé, classé;registre_UBI_Contrats_archives.md
CO-I-470-002;archives;Contrat commercial;Palyr ↔ Sfaal;Achat de charbon de forge, coke et sacs de poussière noire;;470-III-12;470-VII-11;I;7'450 couronnes;149 couronnes;Exécuté, soldé, classé;registre_UBI_Contrats_archives.md
SE-III-470-004;archives;Contrat de service;Il-Irion ↔ Palyr;Mise à disposition de commis spécialisés pour copie de registres sensibles et reclassement de dettes;;470-III-28;470-VI-11;III;7'850 couronnes;157 couronnes;Exécuté, soldé, classé;registre_UBI_Contrats_archives.md
CO-II-470-003;archives;Contrat commercial;Il-Irion ↔ Arthas;Vente de fleurs coupées, bulbes rares et couronnes de serre;;470-X-22;470-XII-04;II;10'800 couronnes;216 couronnes;Exécuté, soldé, classé;registre_UBI_Contrats_archives.md
CO-II-471-003;archives;Contrat commercial;Ther-Félis ↔ Sfaal;Achat de pièces d'horlogerie, ressorts fins et cadrans d'émail;;471-I-02;471-V-11;II;11'150 couronnes;223 couronnes;Exécuté, soldé, classé;registre_UBI_Contrats_archives.md
EC-I-471-001;archives;Contrat d'exclusivité;Ther-Félis ↔ Sfaal;Exclusivité de fourniture d'encre noire aux scribes;;471-VII-26;471-XI-07;I;9'900 couronnes;198 couronnes;Exécuté, soldé, classé;registre_UBI_Contrats_archives.md
CO-III-471-004;archives;Contrat commercial;Ther-Félis ↔ Palyr;Achat de reliquaires techniques, lentilles gravées et plaques d'argent à usage d'atelier;;471-VIII-07;471-IX-26;III;8'400 couronnes;168 couronnes;Exécuté, soldé, classé;registre_UBI_Contrats_archives.md
PB-III-471-005;archives;Contrat de prêt bancaire;UBI ↔ Ther-Félis;Prêt bancaire pour avance d'exécution liée au contrat CO-III-471-004 : achat de reliquaires techniques, lentilles gravées et plaques d'argent à usage d'atelier;;471-VIII-07;471-IX-26;III;4'200 couronnes;168 couronnes;Exécuté, remboursé, classé;registre_UBI_Contrats_archives.md
SE-I-472-001;archives;Contrat de service;Il-Irion ↔ Palyr;Nettoyage de citernes, rigoles et bassins de salaison;;472-X-06;472-XI-14;I;2'500 couronnes;50 couronnes;Exécuté, soldé, classé;registre_UBI_Contrats_archives.md
PAR-I-472-002;archives;Paraphe de routes;Cinq cités confédérées;Constat des propriétés contractuelles des treize lignes marchandes après la quinzième régate;;472-XII-01;472-XII-01;I;0 couronne;50 couronnes;Enregistré, classé;registre_UBI_Contrats_archives.md
CO-II-473-003;archives;Contrat commercial;Sfaal ↔ Il-Irion;Fourniture de lances montées, boucliers peints et sangles de réserve;;473-V-09;473-VI-19;II;11'550 couronnes;231 couronnes;Exécuté, soldé, classé;registre_UBI_Contrats_archives.md
PR-I-473-002;archives;Contrat de protection;Sfaal ↔ Ther-Félis;Protection d'atelier pendant livraison de machines;;473-X-25;473-XII-26;I;8'700 couronnes;174 couronnes;Exécuté, soldé, classé;registre_UBI_Contrats_archives.md
EP-I-474-003;archives;Contrat d'exploitation;Ther-Félis ↔ Arthas;Coupe de pins droits pour mâts et longues perches;;474-II-06;474-V-08;I;9'550 couronnes;191 couronnes;Exécuté, soldé, classé;registre_UBI_Contrats_archives.md
SE-I-474-002;archives;Contrat de service;Ther-Félis ↔ Il-Irion;Surveillance de salle de vente pendant adjudication;;474-IX-03;474-X-15;I;5'100 couronnes;102 couronnes;Exécuté, soldé, classé;registre_UBI_Contrats_archives.md
CO-II-474-004;archives;Contrat commercial;Ther-Félis ↔ Arthas;Fourniture de dalles de marbre veiné, colonnettes et chaux fine;;474-IX-16;474-XI-01;II;12'000 couronnes;240 couronnes;Exécuté, soldé, classé;registre_UBI_Contrats_archives.md
EP-I-476-001;archives;Contrat d'exploitation;Sfaal ↔ Arthas;Extraction de sel gris dans des bassins loués;;476-II-14;476-V-02;I;6'150 couronnes;123 couronnes;Exécuté, soldé, classé;registre_UBI_Contrats_archives.md
EC-I-476-002;archives;Contrat d'exclusivité;Il-Irion ↔ Arthas;Exclusivité de copie pour contrats de foire;;476-V-12;476-IX-15;I;2'000 couronnes;40 couronnes;Exécuté, soldé, classé;registre_UBI_Contrats_archives.md
CO-II-476-003;archives;Contrat commercial;Sfaal ↔ Palyr;Vente de miel clair, épices entières, fruits confits et sucre de pain;;476-XII-22;476-XII-08;II;12'250 couronnes;245 couronnes;Exécuté, soldé, classé;registre_UBI_Contrats_archives.md
CO-II-477-004;archives;Contrat commercial;Arthas ↔ Il-Irion;Transport de reliquaires, livres enluminés et coffrets de donation;;477-IV-03;477-VIII-16;II;12'700 couronnes;254 couronnes;Exécuté, soldé, classé;registre_UBI_Contrats_archives.md
EC-I-477-001;archives;Contrat d'exclusivité;Ther-Félis ↔ Arthas;Priorité sur bois de chêne sec pour coffres;;477-V-20;477-IX-09;I;6'750 couronnes;135 couronnes;Exécuté, soldé, classé;registre_UBI_Contrats_archives.md
SE-I-477-002;archives;Contrat de service;Il-Irion ↔ Arthas;Construction de rayonnages, coffres bas et pupitres de compte;;477-VIII-26;477-IX-16;I;7'550 couronnes;151 couronnes;Exécuté, soldé, classé;registre_UBI_Contrats_archives.md
CO-I-477-003;archives;Contrat commercial;Ther-Félis ↔ Il-Irion;Vente de sel gris, saumure et jarres de conservation;;477-IX-19;477-X-23;I;2'850 couronnes;57 couronnes;Exécuté, soldé, classé;registre_UBI_Contrats_archives.md
PAR-I-477-005;archives;Paraphe de routes;Cinq cités confédérées;Constat des propriétés contractuelles des treize lignes marchandes après la seizième régate;;477-XII-01;477-XII-01;I;0 couronne;50 couronnes;Enregistré, classé;registre_UBI_Contrats_archives.md
CO-II-479-003;archives;Contrat commercial;Sfaal ↔ Ther-Félis;Vente de lingots d'argent gris, grenaille d'étain pur et plaques de cuivre rouge;;479-VII-09;479-VIII-23;II;12'950 couronnes;259 couronnes;Exécuté, soldé, classé;registre_UBI_Contrats_archives.md
SE-I-479-002;archives;Contrat de service;Il-Irion ↔ Sfaal;Tenue de change temporaire pendant une foire déclarée;;479-XII-25;479-XII-04;I;3'300 couronnes;66 couronnes;Exécuté, soldé, classé;registre_UBI_Contrats_archives.md
CO-I-480-001;archives;Contrat commercial;Sfaal ↔ Ther-Félis;Achat de laine brute, fil teint et aiguilles d'atelier;;480-IV-17;480-VIII-10;I;9'200 couronnes;184 couronnes;Exécuté, soldé, classé;registre_UBI_Contrats_archives.md
SE-I-480-002;archives;Contrat de service;Ther-Félis ↔ Palyr;Rédaction de contrats de vente pour marchands étrangers;;480-VII-23;480-VIII-17;I;10'000 couronnes;200 couronnes;Exécuté, soldé, classé;registre_UBI_Contrats_archives.md
CO-II-480-004;archives;Contrat commercial;Arthas ↔ Sfaal;Transport assuré de tableaux, statuettes votives et cadres dorés;;480-XI-16;480-XII-05;II;10'400 couronnes;208 couronnes;Exécuté, soldé, classé;registre_UBI_Contrats_archives.md
CO-II-481-003;archives;Contrat commercial;Sfaal ↔ Ther-Félis;Vente de sel d'alun, mordants de teinture et savons de laine;;481-I-21;481-IV-11;II;10'650 couronnes;213 couronnes;Exécuté, soldé, classé;registre_UBI_Contrats_archives.md
EP-I-481-002;archives;Contrat d'exploitation;Arthas ↔ Il-Irion;Extraction de sable lavé sur banc de rivière;;481-VI-11;481-X-18;I;4'550 couronnes;91 couronnes;Exécuté, soldé, classé;registre_UBI_Contrats_archives.md
PAR-I-482-002;archives;Paraphe de routes;Cinq cités confédérées;Constat des propriétés contractuelles des treize lignes marchandes après la dix-septième régate;;482-XII-01;482-XII-01;I;0 couronne;50 couronnes;Enregistré, classé;registre_UBI_Contrats_archives.md
EP-I-482-001;archives;Contrat d'exploitation;Palyr ↔ Sfaal;Coupe contrôlée de bois de chêne sur domaine marchand;;482-XII-08;482-XII-04;I;3'000 couronnes;60 couronnes;Exécuté, soldé, classé;registre_UBI_Contrats_archives.md
CO-II-483-003;archives;Contrat commercial;Arthas ↔ Sfaal;Achat de blocs de granit poli, seuils sculptés et marches taillées;;483-V-02;483-IX-19;II;11'000 couronnes;220 couronnes;Exécuté, soldé, classé;registre_UBI_Contrats_archives.md
SE-I-483-001;archives;Contrat de service;Sfaal ↔ Il-Irion;Expertise de cargaisons humides après avarie de mer;;483-V-19;483-VI-17;I;4'200 couronnes;84 couronnes;Exécuté, soldé, classé;registre_UBI_Contrats_archives.md
CO-II-484-003;archives;Contrat commercial;Sfaal ↔ Arthas;Vente de fourrures de renard blanc, martre sombre et loup des hauts plateaux;;484-VIII-08;484-IX-26;II;11'350 couronnes;227 couronnes;Exécuté, soldé, classé;registre_UBI_Contrats_archives.md
CO-I-484-001;archives;Contrat commercial;Ther-Félis ↔ Il-Irion;Achat de planches de chêne, poutres courtes et chevilles de charpente;;484-VIII-25;484-X-24;I;4'850 couronnes;97 couronnes;Exécuté, soldé, classé;registre_UBI_Contrats_archives.md
CO-I-485-001;archives;Contrat commercial;Il-Irion ↔ Sfaal;Achat de fer doux, clous longs et bandes de cerclage;;485-XI-05;485-XII-05;I;5'450 couronnes;109 couronnes;Exécuté, soldé, classé;registre_UBI_Contrats_archives.md
SE-I-486-001;archives;Contrat de service;Ther-Félis ↔ Arthas;Tri de ballots saisis et rédaction des listes de restitution;;486-IV-16;486-V-18;I;6'650 couronnes;133 couronnes;Exécuté, soldé, classé;registre_UBI_Contrats_archives.md
CO-II-486-003;archives;Contrat commercial;Arthas ↔ Palyr;Achat de pigments rares, laque rouge, bleu broyé et poudre d'or;;486-XII-15;486-XII-08;II;11'750 couronnes;235 couronnes;Exécuté, soldé, classé;registre_UBI_Contrats_archives.md
CO-II-487-003;archives;Contrat commercial;Palyr ↔ Il-Irion;Achat de selles ouvragées, mors argentés et couvertures de parade;;487-III-21;487-VI-15;II;12'100 couronnes;242 couronnes;Exécuté, soldé, classé;registre_UBI_Contrats_archives.md
PR-I-487-001;archives;Contrat de protection;Il-Irion ↔ Arthas;Garde de halle pendant vente de lots saisis;;487-VII-22;487-IX-25;I;7'250 couronnes;145 couronnes;Exécuté, soldé, classé;registre_UBI_Contrats_archives.md
PR-I-487-002;archives;Contrat de protection;Palyr ↔ Ther-Félis;Protection de scribes lors d'une tournée d'inventaire;;487-VIII-11;487-XII-22;I;7'100 couronnes;142 couronnes;Exécuté, soldé, classé;registre_UBI_Contrats_archives.md
PAR-I-487-004;archives;Paraphe de routes;Cinq cités confédérées;Constat des propriétés contractuelles des treize lignes marchandes après la dix-huitième régate;;487-XII-01;487-XII-01;I;0 couronne;50 couronnes;Enregistré, classé;registre_UBI_Contrats_archives.md
EP-I-488-001;archives;Contrat d'exploitation;Palyr ↔ Arthas;Exploitation limitée d'une carrière de calcaire;;488-X-02;488-XII-06;I;7'900 couronnes;158 couronnes;Exécuté, soldé, classé;registre_UBI_Contrats_archives.md
SE-I-489-001;archives;Contrat de service;Sfaal ↔ Ther-Félis;Tenue de change temporaire pendant une foire déclarée;;489-III-13;489-IV-19;I;9'100 couronnes;182 couronnes;Exécuté, soldé, classé;registre_UBI_Contrats_archives.md
CO-II-489-003;archives;Contrat commercial;Arthas ↔ Ther-Félis;Achat de madriers d'ébène brun, placages de noyer noir et chevilles de buis;;489-VII-02;489-XI-23;II;12'450 couronnes;249 couronnes;Exécuté, soldé, classé;registre_UBI_Contrats_archives.md
EP-I-489-002;archives;Contrat d'exploitation;Arthas ↔ Ther-Félis;Prélèvement d'argile rouge pour tuiles et jarres;;489-XII-18;489-XII-04;I;7'750 couronnes;155 couronnes;Exécuté, soldé, classé;registre_UBI_Contrats_archives.md
EC-I-490-003;archives;Contrat d'exclusivité;Palyr ↔ Il-Irion;Priorité sur peaux tannées pour équipements de garde;;490-IV-25;490-VI-12;I;8'600 couronnes;172 couronnes;Exécuté, soldé, classé;registre_UBI_Contrats_archives.md
CO-I-490-001;archives;Contrat commercial;Ther-Félis ↔ Palyr;Fourniture d'encre noire, gomme, parchemins et règles de scribe;;490-VI-19;490-VIII-26;I;9'700 couronnes;194 couronnes;Exécuté, soldé, classé;registre_UBI_Contrats_archives.md
CO-II-490-004;archives;Contrat commercial;Palyr ↔ Ther-Félis;Achat de chevaux de trait, juments de selle et harnais complets;;490-XI-09;490-XII-05;II;12'900 couronnes;258 couronnes;Exécuté, soldé, classé;registre_UBI_Contrats_archives.md
SE-I-492-001;archives;Contrat de service;Arthas ↔ Sfaal;Réfection de toitures d'entrepôt et pose de gouttières;;492-II-10;492-III-20;I;3'500 couronnes;70 couronnes;Exécuté, soldé, classé;registre_UBI_Contrats_archives.md
CO-II-492-003;archives;Contrat commercial;Il-Irion ↔ Sfaal;Vente de sel d'alun, mordants de teinture et savons de laine;;492-II-15;492-IV-12;II;10'150 couronnes;203 couronnes;Exécuté, soldé, classé;registre_UBI_Contrats_archives.md
PAR-I-492-004;archives;Paraphe de routes;Cinq cités confédérées;Constat des propriétés contractuelles des treize lignes marchandes après la dix-neuvième régate;;492-XII-01;492-XII-01;I;0 couronne;50 couronnes;Enregistré, classé;registre_UBI_Contrats_archives.md
PR-I-493-001;archives;Contrat de protection;Sfaal ↔ Palyr;Escorte de chariots de pierre sur route de carrière;;493-V-16;493-VII-01;I;4'150 couronnes;83 couronnes;Exécuté, soldé, classé;registre_UBI_Contrats_archives.md
CO-II-493-004;archives;Contrat commercial;Palyr ↔ Arthas;Vente de fourrures de loutre, doublures de manteau et gants doublés;;493-VI-22;493-IX-20;II;10'600 couronnes;212 couronnes;Exécuté, soldé, classé;registre_UBI_Contrats_archives.md
EP-I-493-002;archives;Contrat d'exploitation;Ther-Félis ↔ Sfaal;Récolte de plantes tinctoriales sur coteaux communs;;493-VIII-22;493-XI-08;I;4'950 couronnes;99 couronnes;Exécuté, soldé, classé;registre_UBI_Contrats_archives.md
PR-I-495-002;archives;Contrat de protection;Ther-Félis ↔ Sfaal;Escorte de lingots entre forge et comptoir bancaire;;495-II-18;495-III-08;I;2'300 couronnes;46 couronnes;Exécuté, soldé, classé;registre_UBI_Contrats_archives.md
CO-II-495-003;archives;Contrat commercial;Il-Irion ↔ Palyr;Vente de fourrures de renard blanc, martre sombre et loup des hauts plateaux;;495-IX-02;495-XII-01;II;10'850 couronnes;217 couronnes;Exécuté, soldé, classé;registre_UBI_Contrats_archives.md
CO-II-496-004;archives;Contrat commercial;Ther-Félis ↔ Il-Irion;Fourniture de verreries fines, flacons d'apothicaire et vitres colorées;;496-I-09;496-II-09;II;11'300 couronnes;226 couronnes;Exécuté, soldé, classé;registre_UBI_Contrats_archives.md
CO-I-496-001;archives;Contrat commercial;Arthas ↔ Il-Irion;Vente de cire blanche, suif, mèches et lanternes d'entrepôt;;496-IV-13;496-VI-02;I;6'600 couronnes;132 couronnes;Exécuté, soldé, classé;registre_UBI_Contrats_archives.md
CO-I-496-002;archives;Contrat commercial;Sfaal ↔ Il-Irion;Achat de planches de chêne, poutres courtes et chevilles de charpente;;496-VII-19;496-X-09;I;7'350 couronnes;147 couronnes;Exécuté, soldé, classé;registre_UBI_Contrats_archives.md
PAR-I-497-001;archives;Paraphe de routes;Cinq cités confédérées;Constat des propriétés contractuelles des treize lignes marchandes après la vingtième régate;;497-XII-01;497-XII-01;I;0 couronne;50 couronnes;Enregistré, classé;registre_UBI_Contrats_archives.md
CO-II-498-003;archives;Contrat commercial;Il-Irion ↔ Ther-Félis;Achat de selles ouvragées, mors argentés et couvertures de parade;;498-IV-15;498-VI-16;II;11'600 couronnes;232 couronnes;Exécuté, soldé, classé;registre_UBI_Contrats_archives.md
EC-I-498-002;archives;Contrat d'exclusivité;Palyr ↔ Ther-Félis;Exclusivité de fourniture d'encre noire aux scribes;;498-IX-05;498-XII-23;I;3'600 couronnes;72 couronnes;Exécuté, soldé, classé;registre_UBI_Contrats_archives.md
CO-I-499-003;archives;Contrat commercial;Arthas ↔ Ther-Félis;Achat de fer doux, clous longs et bandes de cerclage;;499-I-12;499-V-05;I;4'450 couronnes;89 couronnes;Exécuté, soldé, classé;registre_UBI_Contrats_archives.md
PR-I-499-001;archives;Contrat de protection;Sfaal ↔ Arthas;Protection de pesée publique après contestation;;499-III-10;499-V-03;I;9'000 couronnes;180 couronnes;Exécuté, soldé, classé;registre_UBI_Contrats_archives.md
CO-II-499-004;archives;Contrat commercial;Ther-Félis ↔ Sfaal;Vente de cerises précoces, raisins de serre et herbes fraîches;;499-VIII-22;499-XI-24;II;12'050 couronnes;241 couronnes;Exécuté, soldé, classé;registre_UBI_Contrats_archives.md
EC-I-500-001;archives;Contrat d'exclusivité;Il-Irion ↔ Ther-Félis;Priorité d'achat sur plantes tinctoriales séchées;;500-VIII-21;500-XII-16;I;2'200 couronnes;44 couronnes;Exécuté, soldé, classé;registre_UBI_Contrats_archives.md
CO-II-500-003;archives;Contrat commercial;Il-Irion ↔ Ther-Félis;Vente de cuirasses légères, casques rivetés et brassards de garde;;500-X-01;500-XII-04;II;12'300 couronnes;246 couronnes;Exécuté, soldé, classé;registre_UBI_Contrats_archives.md
CO-I-501-002;archives;Contrat commercial;Arthas ↔ Palyr;Achat de charbon de forge, coke et sacs de poussière noire;;501-II-07;501-IV-04;I;3'600 couronnes;72 couronnes;Exécuté, soldé, classé;registre_UBI_Contrats_archives.md
CO-II-502-003;archives;Contrat commercial;Ther-Félis ↔ Sfaal;Achat de tapis épais, tentures brodées et coussins de réception;;502-II-08;502-III-12;II;12'650 couronnes;253 couronnes;Exécuté, soldé, classé;registre_UBI_Contrats_archives.md
CO-I-502-001;archives;Contrat commercial;Sfaal ↔ Palyr;Vente de cire blanche, suif, mèches et lanternes d'entrepôt;;502-IV-12;502-VII-10;I;4'050 couronnes;81 couronnes;Exécuté, soldé, classé;registre_UBI_Contrats_archives.md
PR-I-502-002;archives;Contrat de protection;Ther-Félis ↔ Arthas;Escorte de chariots de pierre sur route de carrière;;502-VII-24;502-IX-19;I;5'500 couronnes;110 couronnes;Exécuté, soldé, classé;registre_UBI_Contrats_archives.md
PAR-I-502-004;archives;Paraphe de routes;Cinq cités confédérées;Constat des propriétés contractuelles des treize lignes marchandes après la vingt et unième régate;;502-XII-01;502-XII-01;I;0 couronne;50 couronnes;Enregistré, classé;registre_UBI_Contrats_archives.md
CO-II-503-003;archives;Contrat commercial;Il-Irion ↔ Arthas;Achat de cuivre martelé, gouttières fines et clous d'ornement;;503-V-14;503-VII-19;II;13'000 couronnes;260 couronnes;Exécuté, soldé, classé;registre_UBI_Contrats_archives.md
EP-I-503-002;archives;Contrat d'exploitation;Il-Irion ↔ Arthas;Récolte de plantes tinctoriales sur coteaux communs;;503-X-04;503-XII-26;I;6'150 couronnes;123 couronnes;Exécuté, soldé, classé;registre_UBI_Contrats_archives.md
PR-I-504-002;archives;Contrat de protection;Palyr ↔ Sfaal;Garde de coffre de succession avant partage;;504-I-04;504-III-05;I;6'050 couronnes;121 couronnes;Exécuté, soldé, classé;registre_UBI_Contrats_archives.md
EC-I-505-002;archives;Contrat d'exclusivité;Ther-Félis ↔ Il-Irion;Priorité sur les cordages longs destinés aux quais;;505-II-11;505-VI-08;I;6'800 couronnes;136 couronnes;Exécuté, soldé, classé;registre_UBI_Contrats_archives.md
EP-I-505-001;archives;Contrat d'exploitation;Arthas ↔ Il-Irion;Coupe de pins droits pour mâts et longues perches;;505-III-09;505-VI-11;I;6'450 couronnes;129 couronnes;Exécuté, soldé, classé;registre_UBI_Contrats_archives.md
CO-II-505-003;archives;Contrat commercial;Ther-Félis ↔ Palyr;Achat de soies teintes, brocarts d'or pâle et velours bleu de cérémonie;;505-IX-21;505-XII-01;II;10'350 couronnes;207 couronnes;Exécuté, soldé, classé;registre_UBI_Contrats_archives.md
EC-I-506-001;archives;Contrat d'exclusivité;Sfaal ↔ Il-Irion;Exclusivité de copie pour contrats de foire;;506-VI-15;506-X-18;I;7'100 couronnes;142 couronnes;Exécuté, soldé, classé;registre_UBI_Contrats_archives.md
CO-II-506-003;archives;Contrat commercial;Sfaal ↔ Il-Irion;Achat de fruits fragiles, poires d'hiver, figues violettes et paniers de pêches;;506-XII-01;506-XII-08;II;10'700 couronnes;214 couronnes;Exécuté, soldé, classé;registre_UBI_Contrats_archives.md
SE-I-507-001;archives;Contrat de service;Ther-Félis ↔ Il-Irion;Copie de registres de dettes et reclassement de bordereaux;;507-IX-21;507-X-25;I;7'700 couronnes;154 couronnes;Exécuté, soldé, classé;registre_UBI_Contrats_archives.md
PAR-I-507-002;archives;Paraphe de routes;Cinq cités confédérées;Constat des propriétés contractuelles des treize lignes marchandes après la vingt-deuxième régate;;507-XII-01;507-XII-01;I;0 couronne;50 couronnes;Enregistré, classé;registre_UBI_Contrats_archives.md
CO-I-508-001;archives;Contrat commercial;Sfaal ↔ Arthas;Achat de charbon de forge, coke et sacs de poussière noire;;508-II-06;508-V-12;I;8'900 couronnes;178 couronnes;Exécuté, soldé, classé;registre_UBI_Contrats_archives.md
CO-II-508-003;archives;Contrat commercial;Ther-Félis ↔ Arthas;Vente de bois de cèdre, panneaux parfumés et coffrets bruts;;508-IV-08;508-V-16;II;11'050 couronnes;221 couronnes;Exécuté, soldé, classé;registre_UBI_Contrats_archives.md
SE-I-508-002;archives;Contrat de service;Palyr ↔ Sfaal;Nettoyage de citernes, rigoles et bassins de salaison;;508-IX-24;508-XI-23;I;8'050 couronnes;161 couronnes;Exécuté, soldé, classé;registre_UBI_Contrats_archives.md
CO-I-509-001;archives;Contrat commercial;Ther-Félis ↔ Arthas;Fourniture d'encre noire, gomme, parchemins et règles de scribe;;509-V-12;509-IX-19;I;9'500 couronnes;190 couronnes;Exécuté, soldé, classé;registre_UBI_Contrats_archives.md
CO-II-509-004;archives;Contrat commercial;Sfaal ↔ Ther-Félis;Achat de chevaux rapides pour relais de messagers;;509-VIII-15;509-X-24;II;11'500 couronnes;230 couronnes;Exécuté, soldé, classé;registre_UBI_Contrats_archives.md
SE-I-509-002;archives;Contrat de service;Il-Irion ↔ Arthas;Nettoyage de citernes, rigoles et bassins de salaison;;509-VIII-18;509-IX-26;I;2'300 couronnes;46 couronnes;Exécuté, soldé, classé;registre_UBI_Contrats_archives.md
PR-I-510-001;archives;Contrat de protection;Palyr ↔ Ther-Félis;Protection d'atelier pendant livraison de machines;;510-X-23;510-XII-06;I;2'700 couronnes;54 couronnes;Exécuté, soldé, classé;registre_UBI_Contrats_archives.md
EP-I-511-002;archives;Contrat d'exploitation;Sfaal ↔ Ther-Félis;Ramassage de coquilles, chaux marine et sable blanc;;511-IV-11;511-VIII-12;I;9'350 couronnes;187 couronnes;Exécuté, soldé, classé;registre_UBI_Contrats_archives.md
CO-II-511-003;archives;Contrat commercial;Arthas ↔ Il-Irion;Vente de cuirasses légères, casques rivetés et brassards de garde;;511-XI-21;511-XII-05;II;11'800 couronnes;236 couronnes;Exécuté, soldé, classé;registre_UBI_Contrats_archives.md
CO-II-512-004;archives;Contrat commercial;Sfaal ↔ Arthas;Fourniture de tuiles vernissées, ferrures de portail et plomb de toiture;;512-III-02;512-VII-13;II;12'250 couronnes;245 couronnes;Exécuté, soldé, classé;registre_UBI_Contrats_archives.md
EC-I-512-001;archives;Contrat d'exclusivité;Sfaal ↔ Ther-Félis;Priorité sur jarres d'huile et graisse de conservation;;512-IV-09;512-VIII-20;I;3'950 couronnes;79 couronnes;Exécuté, soldé, classé;registre_UBI_Contrats_archives.md
EC-I-512-003;archives;Contrat d'exclusivité;Ther-Félis ↔ Arthas;Priorité d'achat sur le cuivre rouge livré au port;;512-VIII-18;512-IX-20;I;2'200 couronnes;44 couronnes;Exécuté, soldé, classé;registre_UBI_Contrats_archives.md
PAR-I-512-005;archives;Paraphe de routes;Cinq cités confédérées;Constat des propriétés contractuelles des treize lignes marchandes après la vingt-troisième régate;;512-XII-01;512-XII-01;I;0 couronne;50 couronnes;Enregistré, classé;registre_UBI_Contrats_archives.md
CO-II-514-003;archives;Contrat commercial;Arthas ↔ Sfaal;Achat de cuivre martelé, gouttières fines et clous d'ornement;;514-VI-08;514-VII-20;II;12'500 couronnes;250 couronnes;Exécuté, soldé, classé;registre_UBI_Contrats_archives.md
CO-I-514-002;archives;Contrat commercial;Il-Irion ↔ Arthas;Fourniture de peaux tannées, graisse de cuir et lacets d'attache;;514-XI-24;514-XII-01;I;2'650 couronnes;53 couronnes;Exécuté, soldé, classé;registre_UBI_Contrats_archives.md
CO-I-515-001;archives;Contrat commercial;Arthas ↔ Sfaal;Vente de cire blanche, suif, mèches et lanternes d'entrepôt;;515-III-06;515-VII-21;I;6'400 couronnes;128 couronnes;Exécuté, soldé, classé;registre_UBI_Contrats_archives.md
SE-I-515-002;archives;Contrat de service;Sfaal ↔ Palyr;Construction de rayonnages, coffres bas et pupitres de compte;;515-VI-12;515-VII-02;I;7'200 couronnes;144 couronnes;Exécuté, soldé, classé;registre_UBI_Contrats_archives.md
CO-II-515-004;archives;Contrat commercial;Palyr ↔ Il-Irion;Fourniture de minerai de fer noir, hématite rouge et sacs de charbon de forge;;515-X-15;515-XII-02;II;12'950 couronnes;259 couronnes;Exécuté, soldé, classé;registre_UBI_Contrats_archives.md
PR-I-516-001;archives;Contrat de protection;Ther-Félis ↔ Il-Irion;Garde de cave après saisie de tonneaux;;516-VIII-17;516-X-08;I;7'600 couronnes;152 couronnes;Exécuté, soldé, classé;registre_UBI_Contrats_archives.md
EC-I-517-002;archives;Contrat d'exclusivité;Palyr ↔ Il-Irion;Exclusivité de fourniture de lanternes de quai;;517-II-03;517-VI-22;I;9'000 couronnes;180 couronnes;Exécuté, soldé, classé;registre_UBI_Contrats_archives.md
CO-II-517-004;archives;Contrat commercial;Arthas ↔ Ther-Félis;Achat de fruits fragiles, poires d'hiver, figues violettes et paniers de pêches;;517-II-22;517-V-10;II;10'300 couronnes;206 couronnes;Exécuté, soldé, classé;registre_UBI_Contrats_archives.md
EP-I-517-001;archives;Contrat d'exploitation;Il-Irion ↔ Sfaal;Exploitation de ruchers et prélèvement de cire;;517-XI-23;517-XII-15;I;8'200 couronnes;164 couronnes;Exécuté, soldé, classé;registre_UBI_Contrats_archives.md
PAR-I-517-005;archives;Paraphe de routes;Cinq cités confédérées;Constat des propriétés contractuelles des treize lignes marchandes après la vingt-quatrième régate;;517-XII-01;517-XII-01;I;0 couronne;50 couronnes;Enregistré, classé;registre_UBI_Contrats_archives.md
CO-II-518-003;archives;Contrat commercial;Palyr ↔ Il-Irion;Fourniture de pierres semi-précieuses, perles d'eau douce et cabochons verts;;518-IV-01;518-VIII-16;II;10'550 couronnes;211 couronnes;Exécuté, soldé, classé;registre_UBI_Contrats_archives.md
SE-I-518-001;archives;Contrat de service;Ther-Félis ↔ Arthas;Entretien de balances, poids étalons et tables de mesure;;518-IV-08;518-V-02;I;9'400 couronnes;188 couronnes;Exécuté, soldé, classé;registre_UBI_Contrats_archives.md
EP-I-518-002;archives;Contrat d'exploitation;Palyr ↔ Il-Irion;Exploitation de ruchers et prélèvement de cire;;518-IX-17;518-X-23;I;4'550 couronnes;91 couronnes;Exécuté, soldé, classé;registre_UBI_Contrats_archives.md
SE-III-520-001;archives;Contrat de service (mandat);Maison Thorne ↔ Guilde des Ports Unis;"Mandat Therne Vallis ; lord Edran Thorne ; syndic Halvek Renn ; 400 po ; exécution hiver 519";;520-I-14;520-I-14;III;0 couronne;0 couronne;Enregistré, classé;registre_UBI_Contrats_archives.md
CO-I-520-002;archives;Contrat commercial;Arthas ↔ Ther-Félis;Achat de charbon de forge, coke et sacs de poussière noire;;520-I-26;520-V-23;I;3'450 couronnes;69 couronnes;Exécuté, soldé, classé;registre_UBI_Contrats_archives.md
CO-IV-520-005;archives;Contrat commercial;Il-Irion ↔ Sfaal;Vente couverte de cristaux d'écoute, sels de narcose et fioles de mémoire à un courtier lié à Aquiléas;;520-VII-25;520-XI-27;IV;17'150 couronnes;343 couronnes;Exécuté, soldé, classé;registre_UBI_Contrats_archives.md
PB-IV-520-006;archives;Contrat de prêt bancaire;UBI ↔ Il-Irion;Prêt bancaire pour avance d'exécution liée au contrat CO-IV-520-005 : vente couverte de cristaux d'écoute, sels de narcose et fioles de mémoire à un courtier lié à Aquiléas;;520-VII-25;520-XI-27;IV;8'575 couronnes;343 couronnes;Exécuté, remboursé, classé;registre_UBI_Contrats_archives.md
CO-II-520-004;archives;Contrat commercial;Il-Irion ↔ Sfaal;Achat de chevaux rapides pour relais de messagers;;520-IX-09;520-X-25;II;11'000 couronnes;220 couronnes;Exécuté, soldé, classé;registre_UBI_Contrats_archives.md
CO-I-520-001;archives;Contrat commercial;Palyr ↔ Arthas;Vente de sel gris, saumure et jarres de conservation;;520-X-20;520-XII-16;I;2'650 couronnes;53 couronnes;Exécuté, soldé, classé;registre_UBI_Contrats_archives.md
SE-I-521-001;archives;Contrat de service;Sfaal ↔ Ther-Félis;Expertise de cargaisons humides après avarie de mer;;521-III-05;521-IV-03;I;3'850 couronnes;77 couronnes;Exécuté, soldé, classé;registre_UBI_Contrats_archives.md
PB-IV-521-005;archives;Contrat de prêt bancaire;UBI ↔ Palyr;Prêt bancaire pour avance d'exécution liée au contrat TR-IV-521-004 : transport sans pavillon de coffres, cartes côtières et lingots destinés à un port aquiléen;;521-X-06;522-I-29;IV;6'500 couronnes;260 couronnes;Exécuté, remboursé, classé;registre_UBI_Contrats_archives.md
TR-IV-521-004;archives;Contrat de transport;Palyr ↔ Ther-Félis;Transport sans pavillon de coffres, cartes côtières et lingots destinés à un port aquiléen;;521-X-06;522-I-29;IV;13'000 couronnes;260 couronnes;Exécuté, soldé, classé;registre_UBI_Contrats_archives.md
CO-II-521-003;archives;Contrat commercial;Palyr ↔ Sfaal;Achat de lames d'épée, fers de lance, carreaux d'arbalète et pointes trempées;;521-XI-14;521-XII-05;II;11'250 couronnes;225 couronnes;Exécuté, soldé, classé;registre_UBI_Contrats_archives.md
CO-II-522-003;archives;Contrat commercial;Arthas ↔ Ther-Félis;Vente de miel clair, épices entières, fruits confits et sucre de pain;;522-II-20;522-V-12;II;11'600 couronnes;232 couronnes;Exécuté, soldé, classé;registre_UBI_Contrats_archives.md
DF-IV-522-004;archives;Contrat de défense;Arthas ↔ Il-Irion;Transfert secret de lames de siège, ressorts d'arbalètes lourdes et plans de tour mobile vers un relais proche de la Styrgie;;522-IV-17;522-VII-18;IV;17'950 couronnes;359 couronnes;Exécuté, soldé, classé;registre_UBI_Contrats_archives.md
SE-I-522-002;archives;Contrat de service;Ther-Félis ↔ Sfaal;Réparation de pontons, cales et rampes de chargement;;522-VII-10;522-XI-19;I;6'450 couronnes;129 couronnes;Exécuté, soldé, classé;registre_UBI_Contrats_archives.md
PAR-I-522-005;archives;Paraphe de routes;Cinq cités confédérées;Constat des propriétés contractuelles des treize lignes marchandes après la vingt-cinquième régate;;522-XII-01;522-XII-01;I;0 couronne;50 couronnes;Enregistré, classé;registre_UBI_Contrats_archives.md
DE-IV-523-002;archives;Contrat de dette;Arthas ↔ Palyr;Avance bancaire dissimulée pour solder une rançon militaire et éviter la publication d'ordres contradictoires;;523-III-14;523-VI-24;IV;14'150 couronnes;283 couronnes;Exécuté, soldé, classé;registre_UBI_Contrats_archives.md
EP-I-523-001;archives;Contrat d'exploitation;Il-Irion ↔ Ther-Félis;Récolte de tourbe sèche sur parcelle basse;;523-IX-17;523-XII-17;I;5'100 couronnes;102 couronnes;Exécuté, soldé, classé;registre_UBI_Contrats_archives.md
SE-I-524-001;archives;Contrat de service;Arthas ↔ Sfaal;Tri de ballots saisis et rédaction des listes de restitution;;524-II-02;524-III-04;I;6'300 couronnes;126 couronnes;Exécuté, soldé, classé;registre_UBI_Contrats_archives.md
CO-II-524-003;archives;Contrat commercial;Palyr ↔ Ther-Félis;Fourniture de plantes médicinales fraîches, racines rares et fleurs de serre;;524-VI-01;524-X-20;II;12'000 couronnes;240 couronnes;Exécuté, soldé, classé;registre_UBI_Contrats_archives.md
MN-IV-524-004;archives;Contrat de mandat;Ther-Félis ↔ Il-Irion;Mandat secret donné à un prête-nom pour acheter vivres, étoffes et poudres au bénéfice d'une troupe non déclarée;;524-VI-27;524-XI-27;IV;16'500 couronnes;330 couronnes;Exécuté, soldé, classé;registre_UBI_Contrats_archives.md
PB-IV-524-005;archives;Contrat de prêt bancaire;UBI ↔ Ther-Félis;Prêt bancaire pour avance d'exécution liée au contrat MN-IV-524-004 : mandat secret donné à un prête-nom pour acheter vivres, étoffes et poudres au bénéfice d'une troupe non déclarée;;524-VI-27;524-XI-27;IV;8'250 couronnes;330 couronnes;Exécuté, remboursé, classé;registre_UBI_Contrats_archives.md
PR-IV-525-006;archives;Contrat de protection;Sfaal ↔ Palyr;Protection de témoins militaires avant effacement d'un dépôt d'armes non déclaré;;525-II-01;525-VI-25;IV;19'150 couronnes;383 couronnes;Exécuté, soldé, classé;registre_UBI_Contrats_archives.md
EP-I-525-003;archives;Contrat d'exploitation;Palyr ↔ Arthas;Extraction de sable lavé sur banc de rivière;;525-III-24;525-V-09;I;7'950 couronnes;159 couronnes;Exécuté, soldé, classé;registre_UBI_Contrats_archives.md
CO-I-525-001;archives;Contrat commercial;Sfaal ↔ Palyr;Fourniture de serrures, moraillons, clés et plaques de coffre;;525-V-08;525-VII-11;I;6'900 couronnes;138 couronnes;Exécuté, soldé, classé;registre_UBI_Contrats_archives.md
CO-I-525-002;archives;Contrat commercial;Ther-Félis ↔ Sfaal;Achat de cuivre rouge, rivets et plaques de chaudière;;525-VIII-14;525-XI-18;I;7'700 couronnes;154 couronnes;Exécuté, soldé, classé;registre_UBI_Contrats_archives.md
AL-IV-525-005;archives;Contrat d'alliance;Il-Irion ↔ Ther-Félis;Alliance industrielle pour produire des pièces de baliste sous couvert de réparation navale;;525-X-05;526-III-29;IV;14'650 couronnes;293 couronnes;Exécuté, soldé, classé;registre_UBI_Contrats_archives.md
PB-IV-525-007;archives;Contrat de prêt bancaire;UBI ↔ Il-Irion;Prêt bancaire pour avance d'exécution liée au contrat AL-IV-525-005 : alliance industrielle pour produire des pièces de baliste sous couvert de réparation navale;;525-X-05;526-III-29;IV;7'325 couronnes;293 couronnes;Exécuté, remboursé, classé;registre_UBI_Contrats_archives.md
CO-II-525-004;archives;Contrat commercial;Il-Irion ↔ Palyr;Vente de lingots d'argent gris, grenaille d'étain pur et plaques de cuivre rouge;;525-X-08;525-XI-02;II;12'450 couronnes;249 couronnes;Exécuté, soldé, classé;registre_UBI_Contrats_archives.md
PB-IV-526-005;archives;Contrat de prêt bancaire;UBI ↔ Sfaal;Prêt bancaire pour avance d'exécution liée au contrat TR-IV-526-002 : transport sans pavillon de coffres, cartes côtières et lingots destinés à un port aquiléen;;526-IV-20;526-VI-22;IV;8'100 couronnes;324 couronnes;Exécuté, remboursé, classé;registre_UBI_Contrats_archives.md
TR-IV-526-002;archives;Contrat de transport;Sfaal ↔ Ther-Félis;Transport sans pavillon de coffres, cartes côtières et lingots destinés à un port aquiléen;;526-IV-20;526-VI-22;IV;16'200 couronnes;324 couronnes;Exécuté, soldé, classé;registre_UBI_Contrats_archives.md
CO-I-526-001;archives;Contrat commercial;Il-Irion ↔ Sfaal;Vente de sel gris, saumure et jarres de conservation;;526-X-19;526-XII-24;I;8'100 couronnes;162 couronnes;Exécuté, soldé, classé;registre_UBI_Contrats_archives.md
EP-IV-526-003;archives;Contrat d'exploitation;Il-Irion ↔ Palyr;Extraction discrète de minerai noir, utile aux plaques d'armure et aux poudres de scellement interdites;;526-X-21;527-III-08;IV;16'800 couronnes;336 couronnes;Exécuté, soldé, classé;registre_UBI_Contrats_archives.md
PB-IV-526-004;archives;Contrat de prêt bancaire;UBI ↔ Il-Irion;Prêt bancaire pour avance d'exécution liée au contrat EP-IV-526-003 : extraction discrète de minerai noir, utile aux plaques d'armure et aux poudres de scellement interdites;;526-X-21;527-III-08;IV;8'400 couronnes;336 couronnes;Exécuté, remboursé, classé;registre_UBI_Contrats_archives.md
CO-II-527-003;archives;Contrat commercial;Palyr ↔ Arthas;Vente de fleurs coupées, bulbes rares et couronnes de serre;;527-I-14;527-III-09;II;12'700 couronnes;254 couronnes;Exécuté, soldé, classé;registre_UBI_Contrats_archives.md
SE-I-527-001;archives;Contrat de service;Palyr ↔ Il-Irion;Tenue de change temporaire pendant une foire déclarée;;527-I-25;527-II-05;I;8'700 couronnes;174 couronnes;Exécuté, soldé, classé;registre_UBI_Contrats_archives.md
EC-I-527-002;archives;Contrat d'exclusivité;Arthas ↔ Ther-Félis;Exclusivité de fourniture de tonnelets pour caves;;527-VI-04;527-IX-16;I;8'400 couronnes;168 couronnes;Exécuté, soldé, classé;registre_UBI_Contrats_archives.md
DE-IV-527-004;archives;Contrat de dette;Il-Irion ↔ Palyr;Avance bancaire dissimulée pour solder une rançon militaire et éviter la publication d'ordres contradictoires;;527-VI-07;527-VII-18;IV;13'750 couronnes;275 couronnes;Exécuté, soldé, classé;registre_UBI_Contrats_archives.md
PR-IV-527-005;archives;Contrat de protection;Il-Irion ↔ Palyr;Protection de témoins militaires avant effacement d'un dépôt d'armes non déclaré;;527-XI-07;528-IV-24;IV;12'700 couronnes;254 couronnes;Exécuté, soldé, classé;registre_UBI_Contrats_archives.md
PAR-I-527-006;archives;Paraphe de routes;Cinq cités confédérées;Constat des propriétés contractuelles des treize lignes marchandes après la vingt-sixième régate;;527-XII-01;527-XII-01;I;0 couronne;50 couronnes;Enregistré, classé;registre_UBI_Contrats_archives.md
DF-IV-528-006;archives;Contrat de défense;Arthas ↔ Sfaal;Transfert secret de lames de siège, ressorts d'arbalètes lourdes et plans de tour mobile vers un relais proche de la Styrgie;;528-V-09;528-X-01;IV;17'450 couronnes;349 couronnes;Exécuté, soldé, classé;registre_UBI_Contrats_archives.md
CO-II-528-004;archives;Contrat commercial;Il-Irion ↔ Ther-Félis;Achat de pièces d'horlogerie, ressorts fins et cadrans d'émail;;528-V-21;528-VIII-17;II;10'150 couronnes;203 couronnes;Exécuté, soldé, classé;registre_UBI_Contrats_archives.md
EP-I-528-002;archives;Contrat d'exploitation;Sfaal ↔ Il-Irion;Extraction de sable lavé sur banc de rivière;;528-VII-11;528-X-19;I;2'100 couronnes;42 couronnes;Exécuté, soldé, classé;registre_UBI_Contrats_archives.md
CO-I-528-003;archives;Contrat commercial;Palyr ↔ Il-Irion;Vente de vin de table, vinaigre et tonnelets de lies;;528-X-11;528-XII-24;I;9'200 couronnes;184 couronnes;Exécuté, soldé, classé;registre_UBI_Contrats_archives.md
TR-IV-528-005;archives;Contrat de transport;Il-Irion ↔ Ther-Félis;Transport sans pavillon de coffres, cartes côtières et lingots destinés à un port aquiléen;;528-XI-10;529-II-15;IV;12'400 couronnes;248 couronnes;Exécuté, soldé, classé;registre_UBI_Contrats_archives.md
EX-IV-529-002;archives;Contrat d'exclusivité;Sfaal ↔ Palyr;Réservation de matrices de sceaux consulaires, poinçons de douane et clefs de coffres de transit;;529-I-13;529-VI-22;IV;15'500 couronnes;310 couronnes;Exécuté, soldé, classé;registre_UBI_Contrats_archives.md
PB-IV-529-004;archives;Contrat de prêt bancaire;UBI ↔ Sfaal;Prêt bancaire pour avance d'exécution liée au contrat SE-IV-529-003 : copie nocturne de registres de vote, mandats de saisie et correspondances avec des agents tchélènes;;529-III-15;529-IV-15;IV;6'325 couronnes;253 couronnes;Exécuté, remboursé, classé;registre_UBI_Contrats_archives.md
SE-IV-529-003;archives;Contrat de service;Sfaal ↔ Arthas;Copie nocturne de registres de vote, mandats de saisie et correspondances avec des agents tchélènes;;529-III-15;529-IV-15;IV;12'650 couronnes;253 couronnes;Exécuté, soldé, classé;registre_UBI_Contrats_archives.md
EC-I-529-001;archives;Contrat d'exclusivité;Palyr ↔ Arthas;Priorité sur peaux tannées pour équipements de garde;;529-IX-16;529-XII-25;I;2'550 couronnes;51 couronnes;Exécuté, soldé, classé;registre_UBI_Contrats_archives.md
SE-I-530-002;archives;Contrat de service;Arthas ↔ Il-Irion;Surveillance de salle de vente pendant adjudication;;530-I-17;530-II-05;I;9'650 couronnes;193 couronnes;Exécuté, soldé, classé;registre_UBI_Contrats_archives.md
PR-IV-530-006;archives;Contrat de protection;Il-Irion ↔ Sfaal;Protection de témoins militaires avant effacement d'un dépôt d'armes non déclaré;;530-IV-17;530-V-24;IV;18'300 couronnes;366 couronnes;Exécuté, soldé, classé;registre_UBI_Contrats_archives.md
MN-IV-530-004;archives;Contrat de mandat;Palyr ↔ Sfaal;Mandat secret donné à un prête-nom pour acheter vivres, étoffes et poudres au bénéfice d'une troupe non déclarée;;530-VI-12;530-VII-20;IV;12'600 couronnes;252 couronnes;Exécuté, soldé, classé;registre_UBI_Contrats_archives.md
TR-IV-530-005;archives;Contrat de transport;Palyr ↔ Ther-Félis;Transport sans pavillon de coffres, cartes côtières et lingots destinés à un port aquiléen;;530-VII-06;530-IX-10;IV;19'850 couronnes;397 couronnes;Exécuté, soldé, classé;registre_UBI_Contrats_archives.md
CO-II-530-003;archives;Contrat commercial;Ther-Félis ↔ Il-Irion;Fourniture de lances montées, boucliers peints et sangles de réserve;;530-VIII-01;530-XII-24;II;10'400 couronnes;208 couronnes;Exécuté, soldé, classé;registre_UBI_Contrats_archives.md
SE-I-530-001;archives;Contrat de service;Arthas ↔ Ther-Félis;Réfection de toitures d'entrepôt et pose de gouttières;;530-XII-22;530-XII-06;I;3'150 couronnes;63 couronnes;Exécuté, soldé, classé;registre_UBI_Contrats_archives.md
EX-IV-531-006;archives;Contrat d'exclusivité;Il-Irion ↔ Palyr;Réservation de matrices de sceaux consulaires, poinçons de douane et clefs de coffres de transit;;531-II-15;531-VII-28;IV;14'800 couronnes;296 couronnes;Exécuté, soldé, classé;registre_UBI_Contrats_archives.md
CO-I-531-001;archives;Contrat commercial;Sfaal ↔ Arthas;Vente de vin de table, vinaigre et tonnelets de lies;;531-III-02;531-V-13;I;3'750 couronnes;75 couronnes;Exécuté, soldé, classé;registre_UBI_Contrats_archives.md
DF-IV-531-005;archives;Contrat de défense;Sfaal ↔ Palyr;Transfert secret de lames de siège, ressorts d'arbalètes lourdes et plans de tour mobile vers un relais proche de la Styrgie;;531-V-18;531-VI-28;IV;18'550 couronnes;371 couronnes;Exécuté, soldé, classé;registre_UBI_Contrats_archives.md
PR-I-531-003;archives;Contrat de protection;Sfaal ↔ Palyr;Protection de scribes lors d'une tournée d'inventaire;;531-V-24;531-VII-13;I;2'500 couronnes;50 couronnes;Exécuté, soldé, classé;registre_UBI_Contrats_archives.md
CO-I-531-002;archives;Contrat commercial;Ther-Félis ↔ Arthas;Achat de poissons salés, huile de lampe et jarres de graisse;;531-VI-08;531-IX-20;I;4'550 couronnes;91 couronnes;Exécuté, soldé, classé;registre_UBI_Contrats_archives.md
MN-IV-531-007;archives;Contrat de mandat;Ther-Félis ↔ Sfaal;Mandat secret donné à un prête-nom pour acheter vivres, étoffes et poudres au bénéfice d'une troupe non déclarée;;531-XI-19;532-IV-13;IV;18'800 couronnes;376 couronnes;Exécuté, soldé, classé;registre_UBI_Contrats_archives.md
PB-IV-531-008;archives;Contrat de prêt bancaire;UBI ↔ Ther-Félis;Prêt bancaire pour avance d'exécution liée au contrat MN-IV-531-007 : mandat secret donné à un prête-nom pour acheter vivres, étoffes et poudres au bénéfice d'une troupe non déclarée;;531-XI-19;532-IV-13;IV;9'400 couronnes;376 couronnes;Exécuté, remboursé, classé;registre_UBI_Contrats_archives.md
CO-II-531-004;archives;Contrat commercial;Il-Irion ↔ Arthas;Fourniture de dalles de marbre veiné, colonnettes et chaux fine;;531-XII-08;531-XII-06;II;10'850 couronnes;217 couronnes;Exécuté, soldé, classé;registre_UBI_Contrats_archives.md
CO-IV-532-003;archives;Contrat commercial;Arthas ↔ Sfaal;Vente couverte de cristaux d'écoute, sels de narcose et fioles de mémoire à un courtier lié à Aquiléas;;532-V-01;532-VI-10;IV;17'700 couronnes;354 couronnes;Exécuté, soldé, classé;registre_UBI_Contrats_archives.md
PB-IV-532-006;archives;Contrat de prêt bancaire;UBI ↔ Arthas;Prêt bancaire pour avance d'exécution liée au contrat CO-IV-532-003 : vente couverte de cristaux d'écoute, sels de narcose et fioles de mémoire à un courtier lié à Aquiléas;;532-V-01;532-VI-10;IV;8'850 couronnes;354 couronnes;Exécuté, remboursé, classé;registre_UBI_Contrats_archives.md
EP-IV-532-002;archives;Contrat d'exploitation;Arthas ↔ Il-Irion;Extraction discrète de minerai noir, utile aux plaques d'armure et aux poudres de scellement interdites;;532-VIII-29;533-I-15;IV;15'100 couronnes;302 couronnes;Exécuté, soldé, classé;registre_UBI_Contrats_archives.md
PB-IV-532-005;archives;Contrat de prêt bancaire;UBI ↔ Arthas;Prêt bancaire pour avance d'exécution liée au contrat EP-IV-532-002 : extraction discrète de minerai noir, utile aux plaques d'armure et aux poudres de scellement interdites;;532-VIII-29;533-I-15;IV;7'550 couronnes;302 couronnes;Exécuté, remboursé, classé;registre_UBI_Contrats_archives.md
CO-IV-532-001;archives;Contrat commercial;Sfaal ↔ Il-Irion;Vente couverte de cristaux d'écoute, sels de narcose et fioles de mémoire à un courtier lié à Aquiléas;;532-X-24;533-II-24;IV;12'700 couronnes;254 couronnes;Exécuté, soldé, classé;registre_UBI_Contrats_archives.md
PB-IV-532-004;archives;Contrat de prêt bancaire;UBI ↔ Sfaal;Prêt bancaire pour avance d'exécution liée au contrat CO-IV-532-001 : vente couverte de cristaux d'écoute, sels de narcose et fioles de mémoire à un courtier lié à Aquiléas;;532-X-24;533-II-24;IV;6'350 couronnes;254 couronnes;Exécuté, remboursé, classé;registre_UBI_Contrats_archives.md
PAR-I-532-007;archives;Paraphe de routes;Cinq cités confédérées;Constat des propriétés contractuelles des treize lignes marchandes après la vingt-septième régate;;532-XII-01;532-XII-01;I;0 couronne;50 couronnes;Enregistré, classé;registre_UBI_Contrats_archives.md
PR-I-533-002;archives;Contrat de protection;Arthas ↔ Palyr;Protection de témoins commerciaux avant arbitrage;;533-II-25;533-IV-14;I;6'400 couronnes;128 couronnes;Exécuté, soldé, classé;registre_UBI_Contrats_archives.md
CO-II-533-004;archives;Contrat commercial;Ther-Félis ↔ Palyr;Vente de miel clair, épices entières, fruits confits et sucre de pain;;533-IV-15;533-VI-14;II;11'200 couronnes;224 couronnes;Exécuté, soldé, classé;registre_UBI_Contrats_archives.md
DE-IV-533-006;archives;Contrat de dette;Ther-Félis ↔ Il-Irion;Avance bancaire dissimulée pour solder une rançon militaire et éviter la publication d'ordres contradictoires;;533-IV-16;533-IX-25;IV;12'950 couronnes;259 couronnes;Exécuté, soldé, classé;registre_UBI_Contrats_archives.md
SE-IV-533-001;archives;Contrat de service clandestin;Arthas ↔ Ther-Félis;Convoyage et placement sous contrainte de vingt-quatre personnes prostituées sous couverture de contrats d'hôtellerie et de service;;533-VIII-12;533-VIII-12;IV;400 couronnes;0 couronne;Enregistré, classé;registre_UBI_Contrats_archives.md
EP-I-533-003;archives;Contrat d'exploitation;Ther-Félis ↔ Palyr;Prélèvement d'argile rouge pour tuiles et jarres;;533-IX-05;533-XII-21;I;3'150 couronnes;63 couronnes;Exécuté, soldé, classé;registre_UBI_Contrats_archives.md
DF-IV-533-007;archives;Contrat de défense;Sfaal ↔ Palyr;Transfert secret de lames de siège, ressorts d'arbalètes lourdes et plans de tour mobile vers un relais proche de la Styrgie;;533-XI-16;534-IV-28;IV;18'750 couronnes;375 couronnes;Exécuté, soldé, classé;registre_UBI_Contrats_archives.md
SE-I-533-001;archives;Contrat de service;Palyr ↔ Ther-Félis;Inventaire de greniers, caves et réserves marchandes;;533-XI-19;533-XII-07;I;5'600 couronnes;112 couronnes;Exécuté, soldé, classé;registre_UBI_Contrats_archives.md
CO-IV-533-005;archives;Contrat commercial;Palyr ↔ Sfaal;Vente couverte de cristaux d'écoute, sels de narcose et fioles de mémoire à un courtier lié à Aquiléas;;533-XII-15;534-I-19;IV;12'650 couronnes;253 couronnes;Exécuté, soldé, classé;registre_UBI_Contrats_archives.md
PB-IV-533-008;archives;Contrat de prêt bancaire;UBI ↔ Palyr;Prêt bancaire pour avance d'exécution liée au contrat CO-IV-533-005 : vente couverte de cristaux d'écoute, sels de narcose et fioles de mémoire à un courtier lié à Aquiléas;;533-XII-15;534-I-19;IV;6'325 couronnes;253 couronnes;Exécuté, remboursé, classé;registre_UBI_Contrats_archives.md
CO-IV-534-006;archives;Contrat commercial;Sfaal ↔ Il-Irion;Vente couverte de cristaux d'écoute, sels de narcose et fioles de mémoire à un courtier lié à Aquiléas;;534-II-11;534-VII-08;IV;15'350 couronnes;307 couronnes;Exécuté, soldé, classé;registre_UBI_Contrats_archives.md
PB-IV-534-007;archives;Contrat de prêt bancaire;UBI ↔ Sfaal;Prêt bancaire pour avance d'exécution liée au contrat CO-IV-534-006 : vente couverte de cristaux d'écoute, sels de narcose et fioles de mémoire à un courtier lié à Aquiléas;;534-II-11;534-VII-08;IV;7'675 couronnes;307 couronnes;Exécuté, remboursé, classé;registre_UBI_Contrats_archives.md
EP-I-534-001;archives;Contrat d'exploitation;Sfaal ↔ Palyr;Prélèvement d'argile rouge pour tuiles et jarres;;534-IV-04;534-VII-20;I;6'800 couronnes;136 couronnes;Exécuté, soldé, classé;registre_UBI_Contrats_archives.md
CO-II-534-003;archives;Contrat commercial;Il-Irion ↔ Arthas;Transport de reliquaires, livres enluminés et coffrets de donation;;534-VI-20;534-IX-20;II;11'450 couronnes;229 couronnes;Exécuté, soldé, classé;registre_UBI_Contrats_archives.md
EC-I-534-002;archives;Contrat d'exclusivité;Il-Irion ↔ Palyr;Priorité d'achat sur grains d'orge après récolte;;534-XI-10;534-XII-01;I;3'600 couronnes;72 couronnes;Exécuté, soldé, classé;registre_UBI_Contrats_archives.md
AL-IV-534-005;archives;Contrat d'alliance;Il-Irion ↔ Sfaal;Alliance industrielle pour produire des pièces de baliste sous couvert de réparation navale;;534-XI-11;534-XII-23;IV;18'000 couronnes;360 couronnes;Exécuté, soldé, classé;registre_UBI_Contrats_archives.md
PB-IV-534-008;archives;Contrat de prêt bancaire;UBI ↔ Il-Irion;Prêt bancaire pour avance d'exécution liée au contrat AL-IV-534-005 : alliance industrielle pour produire des pièces de baliste sous couvert de réparation navale;;534-XI-11;534-XII-23;IV;9'000 couronnes;360 couronnes;Exécuté, remboursé, classé;registre_UBI_Contrats_archives.md
SE-IV-534-004;archives;Contrat de service;Ther-Félis ↔ Arthas;Copie nocturne de registres de vote, mandats de saisie et correspondances avec des agents tchélènes;;534-XI-12;535-III-02;IV;14'550 couronnes;291 couronnes;Exécuté, soldé, classé;registre_UBI_Contrats_archives.md
AL-IV-535-006;archives;Contrat d'alliance;Kaelthorne ↔ Valdris ↔ Halvaren (Il-Irion);Pacte tripartite scellé pour isoler la Maison Courcel ; mesures commerciales et patriciennes ; sans violence physique;Selvian Kaelthorne (Il-Irion);535-I-18;547-I-18;IV;15'000 couronnes;300 couronnes;En vigueur;registre_UBI_Contrats_archives.md
EX-IV-535-001;archives;Contrat d'exclusivité;Palyr ↔ Il-Irion;Réservation de matrices de sceaux consulaires, poinçons de douane et clefs de coffres de transit;;535-IV-26;535-VI-10;IV;16'200 couronnes;324 couronnes;Exécuté, soldé, classé;registre_UBI_Contrats_archives.md
PB-IV-535-005;archives;Contrat de prêt bancaire;UBI ↔ Palyr;Prêt bancaire pour avance d'exécution liée au contrat EX-IV-535-001 : réservation de matrices de sceaux consulaires, poinçons de douane et clefs de coffres de transit;;535-IV-26;535-VI-10;IV;8'100 couronnes;324 couronnes;Exécuté, remboursé, classé;registre_UBI_Contrats_archives.md
CO-IV-535-002;archives;Contrat commercial;Palyr ↔ Arthas;Vente couverte de cristaux d'écoute, sels de narcose et fioles de mémoire à un courtier lié à Aquiléas;;535-VII-14;535-XII-19;IV;18'950 couronnes;379 couronnes;Exécuté, soldé, classé;registre_UBI_Contrats_archives.md
PB-IV-535-004;archives;Contrat de prêt bancaire;UBI ↔ Palyr;Prêt bancaire pour avance d'exécution liée au contrat CO-IV-535-002 : vente couverte de cristaux d'écoute, sels de narcose et fioles de mémoire à un courtier lié à Aquiléas;;535-VII-14;535-XII-19;IV;9'475 couronnes;379 couronnes;Exécuté, remboursé, classé;registre_UBI_Contrats_archives.md
CO-IV-535-003;archives;Contrat commercial;Ther-Félis ↔ Sfaal;Vente couverte de cristaux d'écoute, sels de narcose et fioles de mémoire à un courtier lié à Aquiléas;;535-XI-29;536-I-04;IV;14'450 couronnes;289 couronnes;Exécuté, soldé, classé;registre_UBI_Contrats_archives.md
CO-I-536-002;archives;Contrat commercial;Palyr ↔ Sfaal;Achat de laine brute, fil teint et aiguilles d'atelier;;536-I-22;536-III-15;I;8'800 couronnes;176 couronnes;Exécuté, soldé, classé;registre_UBI_Contrats_archives.md
EX-IV-536-005;archives;Contrat d'exclusivité;Palyr ↔ Arthas;Réservation de matrices de sceaux consulaires, poinçons de douane et clefs de coffres de transit;;536-I-30;536-VI-19;IV;15'350 couronnes;307 couronnes;Exécuté, soldé, classé;registre_UBI_Contrats_archives.md
CO-I-536-003;archives;Contrat commercial;Palyr ↔ Arthas;Fourniture de pierres de taille, chaux vive et sable lavé;;536-IV-18;536-V-10;I;4'450 couronnes;89 couronnes;Exécuté, soldé, classé;registre_UBI_Contrats_archives.md
EP-IV-536-006;archives;Contrat d'exploitation;Arthas ↔ Palyr;Extraction discrète de minerai noir, utile aux plaques d'armure et aux poudres de scellement interdites;;536-V-27;536-VII-20;IV;15'900 couronnes;318 couronnes;Exécuté, soldé, classé;registre_UBI_Contrats_archives.md
PB-IV-536-009;archives;Contrat de prêt bancaire;UBI ↔ Arthas;Prêt bancaire pour avance d'exécution liée au contrat PR-IV-536-007 : protection de témoins militaires avant effacement d'un dépôt d'armes non déclaré;;536-V-27;536-X-18;IV;7'150 couronnes;286 couronnes;Exécuté, remboursé, classé;registre_UBI_Contrats_archives.md
PR-IV-536-007;archives;Contrat de protection;Arthas ↔ Il-Irion;Protection de témoins militaires avant effacement d'un dépôt d'armes non déclaré;;536-V-27;536-X-18;IV;14'300 couronnes;286 couronnes;Exécuté, soldé, classé;registre_UBI_Contrats_archives.md
DE-IV-536-008;archives;Contrat de dette;Il-Irion ↔ Sfaal;Avance bancaire dissimulée pour solder une rançon militaire et éviter la publication d'ordres contradictoires;;536-VII-03;536-XI-23;IV;19'050 couronnes;381 couronnes;Exécuté, soldé, classé;registre_UBI_Contrats_archives.md
SE-I-536-001;archives;Contrat de service;Il-Irion ↔ Palyr;Formation de commis aux poids, mesures et comptes de quai;;536-X-16;536-XI-08;I;8'050 couronnes;161 couronnes;Exécuté, soldé, classé;registre_UBI_Contrats_archives.md
CO-II-536-004;archives;Contrat commercial;Ther-Félis ↔ Arthas;Vente de lingots d'argent gris, grenaille d'étain pur et plaques de cuivre rouge;;536-XI-02;536-XII-03;II;11'950 couronnes;239 couronnes;Exécuté, soldé, classé;registre_UBI_Contrats_archives.md
CO-II-537-003;archives;Contrat commercial;Sfaal ↔ Il-Irion;Transport assuré de tableaux, statuettes votives et cadres dorés;;537-I-07;537-II-09;II;12'200 couronnes;244 couronnes;Exécuté, soldé, classé;registre_UBI_Contrats_archives.md
CO-I-537-001;archives;Contrat commercial;Arthas ↔ Il-Irion;Vente de vin de table, vinaigre et tonnelets de lies;;537-III-01;537-VI-21;I;9'200 couronnes;184 couronnes;Exécuté, soldé, classé;registre_UBI_Contrats_archives.md
MN-IV-537-006;archives;Contrat de mandat;Il-Irion ↔ Arthas;Mandat secret donné à un prête-nom pour acheter vivres, étoffes et poudres au bénéfice d'une troupe non déclarée;;537-IV-21;537-IX-03;IV;16'100 couronnes;322 couronnes;Exécuté, soldé, classé;registre_UBI_Contrats_archives.md
PB-IV-537-008;archives;Contrat de prêt bancaire;UBI ↔ Il-Irion;Prêt bancaire pour avance d'exécution liée au contrat MN-IV-537-006 : mandat secret donné à un prête-nom pour acheter vivres, étoffes et poudres au bénéfice d'une troupe non déclarée;;537-IV-21;537-IX-03;IV;8'050 couronnes;322 couronnes;Exécuté, remboursé, classé;registre_UBI_Contrats_archives.md
EP-IV-537-004;archives;Contrat d'exploitation;Ther-Félis ↔ Sfaal;Extraction discrète de minerai noir, utile aux plaques d'armure et aux poudres de scellement interdites;;537-VII-25;537-X-25;IV;20'000 couronnes;400 couronnes;Exécuté, soldé, classé;registre_UBI_Contrats_archives.md
DF-IV-537-005;archives;Contrat de défense;Il-Irion ↔ Arthas;Transfert secret de lames de siège, ressorts d'arbalètes lourdes et plans de tour mobile vers un relais proche de la Styrgie;;537-VII-26;537-XI-20;IV;12'800 couronnes;256 couronnes;Exécuté, soldé, classé;registre_UBI_Contrats_archives.md
PB-IV-537-009;archives;Contrat de prêt bancaire;UBI ↔ Il-Irion;Prêt bancaire pour avance d'exécution liée au contrat DF-IV-537-005 : transfert secret de lames de siège, ressorts d'arbalètes lourdes et plans de tour mobile vers un relais proche de la Styrgie;;537-VII-26;537-XI-20;IV;6'400 couronnes;256 couronnes;Exécuté, remboursé, classé;registre_UBI_Contrats_archives.md
DF-IV-537-007;archives;Contrat de défense;Sfaal ↔ Palyr;Transfert secret de lames de siège, ressorts d'arbalètes lourdes et plans de tour mobile vers un relais proche de la Styrgie;;537-VIII-22;537-XII-24;IV;15'050 couronnes;301 couronnes;Exécuté, soldé, classé;registre_UBI_Contrats_archives.md
PAR-I-537-010;archives;Paraphe de routes;Cinq cités confédérées;Constat des propriétés contractuelles des treize lignes marchandes après la vingt-huitième régate;;537-XII-01;537-XII-01;I;0 couronne;50 couronnes;Enregistré, classé;registre_UBI_Contrats_archives.md
TR-IV-538-004;archives;Contrat de transport;Il-Irion ↔ Arthas;Transport sans pavillon de coffres, cartes côtières et lingots destinés à un port aquiléen;;538-V-16;538-IX-17;IV;13'150 couronnes;263 couronnes;Exécuté, soldé, classé;registre_UBI_Contrats_archives.md
DF-IV-538-003;archives;Contrat de défense;Arthas ↔ Sfaal;Transfert secret de lames de siège, ressorts d'arbalètes lourdes et plans de tour mobile vers un relais proche de la Styrgie;;538-VI-23;538-IX-08;IV;18'700 couronnes;374 couronnes;Exécuté, soldé, classé;registre_UBI_Contrats_archives.md
PB-IV-538-006;archives;Contrat de prêt bancaire;UBI ↔ Arthas;Prêt bancaire pour avance d'exécution liée au contrat DF-IV-538-003 : transfert secret de lames de siège, ressorts d'arbalètes lourdes et plans de tour mobile vers un relais proche de la Styrgie;;538-VI-23;538-IX-08;IV;9'350 couronnes;374 couronnes;Exécuté, remboursé, classé;registre_UBI_Contrats_archives.md
EX-IV-538-001;archives;Contrat d'exclusivité;Ther-Félis ↔ Arthas;Réservation de matrices de sceaux consulaires, poinçons de douane et clefs de coffres de transit;;538-VII-28;538-IX-30;IV;15'450 couronnes;309 couronnes;Exécuté, soldé, classé;registre_UBI_Contrats_archives.md
PB-IV-538-007;archives;Contrat de prêt bancaire;UBI ↔ Ther-Félis;Prêt bancaire pour avance d'exécution liée au contrat EX-IV-538-001 : réservation de matrices de sceaux consulaires, poinçons de douane et clefs de coffres de transit;;538-VII-28;538-IX-30;IV;7'725 couronnes;309 couronnes;Exécuté, remboursé, classé;registre_UBI_Contrats_archives.md
AL-IV-538-002;archives;Contrat d'alliance;Arthas ↔ Ther-Félis;Alliance industrielle pour produire des pièces de baliste sous couvert de réparation navale;;538-XI-09;539-II-17;IV;14'100 couronnes;282 couronnes;Exécuté, soldé, classé;registre_UBI_Contrats_archives.md
PB-IV-538-005;archives;Contrat de prêt bancaire;UBI ↔ Arthas;Prêt bancaire pour avance d'exécution liée au contrat AL-IV-538-002 : alliance industrielle pour produire des pièces de baliste sous couvert de réparation navale;;538-XI-09;539-II-17;IV;7'050 couronnes;282 couronnes;Exécuté, remboursé, classé;registre_UBI_Contrats_archives.md
EX-IV-539-007;archives;Contrat d'exclusivité;Arthas ↔ Il-Irion;Réservation de matrices de sceaux consulaires, poinçons de douane et clefs de coffres de transit;;539-I-10;539-II-04;IV;18'850 couronnes;377 couronnes;Exécuté, soldé, classé;registre_UBI_Contrats_archives.md
TR-IV-539-008;archives;Contrat de transport;Palyr ↔ Il-Irion;Transport sans pavillon de coffres, cartes côtières et lingots destinés à un port aquiléen;;539-II-20;539-IV-11;IV;13'300 couronnes;266 couronnes;Exécuté, soldé, classé;registre_UBI_Contrats_archives.md
CO-II-539-004;archives;Contrat commercial;Arthas ↔ Il-Irion;Achat de pièces d'horlogerie, ressorts fins et cadrans d'émail;;539-VI-15;539-VIII-18;II;12'650 couronnes;253 couronnes;Exécuté, soldé, classé;registre_UBI_Contrats_archives.md
EP-IV-539-006;archives;Contrat d'exploitation;Palyr ↔ Arthas;Extraction discrète de minerai noir, utile aux plaques d'armure et aux poudres de scellement interdites;;539-VIII-06;539-X-06;IV;19'150 couronnes;383 couronnes;Exécuté, soldé, classé;registre_UBI_Contrats_archives.md
SE-I-539-001;archives;Contrat de service;Ther-Félis ↔ Il-Irion;Réparation de pontons, cales et rampes de chargement;;539-IX-13;539-X-09;I;2'450 couronnes;49 couronnes;Exécuté, soldé, classé;registre_UBI_Contrats_archives.md
PR-I-539-003;archives;Contrat de protection;Palyr ↔ Il-Irion;Escorte de lingots entre forge et comptoir bancaire;;539-XI-05;539-XII-25;I;5'750 couronnes;115 couronnes;Exécuté, soldé, classé;registre_UBI_Contrats_archives.md
PR-I-539-002;archives;Contrat de protection;Il-Irion ↔ Sfaal;Escorte de ballots précieux pendant une foire;;539-XII-19;539-XII-16;I;3'250 couronnes;65 couronnes;Exécuté, soldé, classé;registre_UBI_Contrats_archives.md
AL-IV-539-005;archives;Contrat d'alliance;Arthas ↔ Il-Irion;Alliance industrielle pour produire des pièces de baliste sous couvert de réparation navale;;539-XII-27;540-I-26;IV;18'950 couronnes;379 couronnes;Exécuté, soldé, classé;registre_UBI_Contrats_archives.md
PB-IV-539-009;archives;Contrat de prêt bancaire;UBI ↔ Arthas;Prêt bancaire pour avance d'exécution liée au contrat AL-IV-539-005 : alliance industrielle pour produire des pièces de baliste sous couvert de réparation navale;;539-XII-27;540-I-26;IV;9'475 couronnes;379 couronnes;Exécuté, remboursé, classé;registre_UBI_Contrats_archives.md
CH-IV-539-010;archives;Charte de forge;Conseil des Oblats ↔ Arthas;Charge exclusive d'Arthas pour la forge et la fourniture des armes des Cinq Cités;;539-XII-28;539-XII-28;IV;20'000 couronnes;400 couronnes;Enregistré, en vigueur, classé;registre_UBI_Contrats_archives.md
PB-IV-540-009;archives;Contrat de prêt bancaire;UBI ↔ Sfaal;Prêt bancaire pour avance d'exécution liée au contrat SE-IV-540-006 : copie nocturne de registres de vote, mandats de saisie et correspondances avec des agents tchélènes;;540-I-12;540-VI-04;IV;8'400 couronnes;336 couronnes;Exécuté, remboursé, classé;registre_UBI_Contrats_archives.md
SE-IV-540-006;archives;Contrat de service;Sfaal ↔ Palyr;Copie nocturne de registres de vote, mandats de saisie et correspondances avec des agents tchélènes;;540-I-12;540-VI-04;IV;16'800 couronnes;336 couronnes;Exécuté, soldé, classé;registre_UBI_Contrats_archives.md
EP-I-540-001;archives;Contrat d'exploitation;Sfaal ↔ Arthas;Exploitation d'un filon de fer pauvre pour essais de forge;;540-II-24;540-V-22;I;3'650 couronnes;73 couronnes;Exécuté, soldé, classé;registre_UBI_Contrats_archives.md
PB-IV-540-010;archives;Contrat de prêt bancaire;UBI ↔ Sfaal;Prêt bancaire pour avance d'exécution liée au contrat TR-IV-540-005 : transport sans pavillon de coffres, cartes côtières et lingots destinés à un port aquiléen;;540-III-27;540-VI-03;IV;7'050 couronnes;282 couronnes;Exécuté, remboursé, classé;registre_UBI_Contrats_archives.md
TR-IV-540-005;archives;Contrat de transport;Sfaal ↔ Arthas;Transport sans pavillon de coffres, cartes côtières et lingots destinés à un port aquiléen;;540-III-27;540-VI-03;IV;14'100 couronnes;282 couronnes;Exécuté, soldé, classé;registre_UBI_Contrats_archives.md
EP-IV-540-007;archives;Contrat d'exploitation;Ther-Félis ↔ Arthas;Extraction discrète de minerai noir, utile aux plaques d'armure et aux poudres de scellement interdites;;540-VIII-07;540-IX-06;IV;17'300 couronnes;346 couronnes;Exécuté, soldé, classé;registre_UBI_Contrats_archives.md
CO-II-540-003;archives;Contrat commercial;Sfaal ↔ Palyr;Achat de blocs de granit poli, seuils sculptés et marches taillées;;540-VIII-20;540-XI-24;II;12'900 couronnes;258 couronnes;Exécuté, soldé, classé;registre_UBI_Contrats_archives.md
DE-IV-540-004;archives;Contrat de dette;Palyr ↔ Il-Irion;Avance bancaire dissimulée pour solder une rançon militaire et éviter la publication d'ordres contradictoires;;540-XI-20;541-I-09;IV;17'600 couronnes;352 couronnes;Exécuté, soldé, classé;registre_UBI_Contrats_archives.md
TR-IV-541-001;archives;Contrat de transport;Palyr ↔ Il-Irion;Transport sans pavillon de coffres, cartes côtières et lingots destinés à un port aquiléen;;541-II-02;541-V-21;IV;17'900 couronnes;358 couronnes;Exécuté, soldé, classé;registre_UBI_Contrats_archives.md
DE-IV-541-002;archives;Contrat de dette;Palyr ↔ Ther-Félis;Avance bancaire dissimulée pour solder une rançon militaire et éviter la publication d'ordres contradictoires;;541-IV-10;541-V-04;IV;13'400 couronnes;268 couronnes;Exécuté, soldé, classé;registre_UBI_Contrats_archives.md
DF-IV-541-004;archives;Contrat de défense;Ther-Félis ↔ Palyr;Transfert secret de lames de siège, ressorts d'arbalètes lourdes et plans de tour mobile vers un relais proche de la Styrgie;;541-IV-18;541-VI-19;IV;13'700 couronnes;274 couronnes;Exécuté, soldé, classé;registre_UBI_Contrats_archives.md
PB-IV-541-005;archives;Contrat de prêt bancaire;UBI ↔ Ther-Félis;Prêt bancaire pour avance d'exécution liée au contrat DF-IV-541-004 : transfert secret de lames de siège, ressorts d'arbalètes lourdes et plans de tour mobile vers un relais proche de la Styrgie;;541-IV-18;541-VI-19;IV;6'850 couronnes;274 couronnes;Exécuté, remboursé, classé;registre_UBI_Contrats_archives.md
PR-IV-541-003;archives;Contrat de protection;Ther-Félis ↔ Sfaal;Protection de témoins militaires avant effacement d'un dépôt d'armes non déclaré;;541-IV-25;541-IX-05;IV;16'500 couronnes;330 couronnes;Exécuté, soldé, classé;registre_UBI_Contrats_archives.md
PB-IV-542-012;archives;Contrat de prêt bancaire;UBI ↔ Arthas;Prêt bancaire pour avance d'exécution liée au contrat PR-IV-542-005 : protection de témoins militaires avant effacement d'un dépôt d'armes non déclaré;;542-III-20;542-IV-03;IV;6'050 couronnes;242 couronnes;Exécuté, remboursé, classé;registre_UBI_Contrats_archives.md
PR-IV-542-005;archives;Contrat de protection;Arthas ↔ Palyr;Protection de témoins militaires avant effacement d'un dépôt d'armes non déclaré;;542-III-20;542-IV-03;IV;12'100 couronnes;242 couronnes;Exécuté, soldé, classé;registre_UBI_Contrats_archives.md
RD-III-542-003;archives;Reconnaissance de dette;Grandes maisons Il-Irion ↔ Ther-Félis;"Prêt parallèle hors consolidation ; ~22 000 couronnes ; taux 12 % (+4 pt vs tarif affiché)";;542-IV-06;542-IV-06;III;22'000 couronnes;0 couronne;Enregistré, classé;registre_UBI_Contrats_archives.md
CP-III-542-002;archives;Correspondance compromettante;Dame Lysara Valdris ↔ Capitaine Thoren Blackwater;Lettre de chantage révélant un trafic d'alcool de contrebande et exigeant 30% des bénéfices;;542-IV-28;542-IV-28;III;0 couronne;0 couronne;Enregistré, classé;registre_UBI_Contrats_archives.md
CP-III-542-001;archives;Correspondance compromettante;Dame Lysara Valdris ↔ Dame Elara Thornwood;Lettre de chantage révélant un adultère et exigeant un vote favorable au conseil de l'UBI;;542-V-12;542-V-12;III;0 couronne;0 couronne;Enregistré, classé;registre_UBI_Contrats_archives.md
EC-I-542-002;archives;Contrat d'exclusivité;Sfaal ↔ Il-Irion;Priorité sur bois de chêne sec pour coffres;;542-V-17;542-VI-13;I;6'800 couronnes;136 couronnes;Exécuté, soldé, classé;registre_UBI_Contrats_archives.md
CO-IV-542-008;archives;Contrat commercial;Palyr ↔ Arthas;Vente couverte de cristaux d'écoute, sels de narcose et fioles de mémoire à un courtier lié à Aquiléas;;542-VI-30;542-IX-14;IV;12'300 couronnes;246 couronnes;Exécuté, soldé, classé;registre_UBI_Contrats_archives.md
PB-IV-542-010;archives;Contrat de prêt bancaire;UBI ↔ Ther-Félis;Prêt bancaire pour avance d'exécution liée au contrat TR-IV-542-006 : transport sans pavillon de coffres, cartes côtières et lingots destinés à un port aquiléen;;542-VIII-06;542-X-17;IV;9'275 couronnes;371 couronnes;Exécuté, remboursé, classé;registre_UBI_Contrats_archives.md
TR-IV-542-006;archives;Contrat de transport;Ther-Félis ↔ Arthas;Transport sans pavillon de coffres, cartes côtières et lingots destinés à un port aquiléen;;542-VIII-06;542-X-17;IV;18'550 couronnes;371 couronnes;Exécuté, soldé, classé;registre_UBI_Contrats_archives.md
SE-I-542-001;archives;Contrat de service;Il-Irion ↔ Arthas;Transport administratif de liasses scellées entre comptoirs;;542-VIII-10;542-IX-10;I;4'900 couronnes;98 couronnes;Exécuté, soldé, classé;registre_UBI_Contrats_archives.md
EC-I-542-017;courant;Contrat d'exclusivité;Ther-Félis ↔ Il-Irion;Première offre sur des lots de cordages de port pendant deux mois;Marda Velyss (Ther-Félis);542-IX-06;542-XI-06;I;3'000 couronnes;60 couronnes;Exécuté, soldé, classé;registre_UBI_Contrats_courant.md
SE-I-542-013;courant;Contrat de service;Palyr ↔ Sfaal;Vérification et remise en état de six balances de comptoir;Ilara Vandesse (Palyr);542-X-12;542-XI-06;I;1'200 couronnes;24 couronnes;Exécuté, soldé, classé;registre_UBI_Contrats_courant.md
CO-I-542-014;courant;Contrat commercial;Sfaal ↔ Ther-Félis;Vente de caisses de clous, gonds et ferrures ordinaires;Jabren Feld (Sfaal);542-X-18;542-XI-08;I;1'800 couronnes;36 couronnes;Exécuté, soldé, classé;registre_UBI_Contrats_courant.md
EN-I-542-016;courant;Convention d'entrepôt;Il-Irion ↔ Sfaal;Location d'une travée sèche pour charbon et outils de pesée;Tovan Ilmari (Il-Irion);542-X-19;542-XII-19;I;1'400 couronnes;28 couronnes;Exécuté, soldé, classé;registre_UBI_Contrats_courant.md
TR-I-542-015;courant;Contrat de transport;Palyr ↔ Arthas;Transport de lampes de chantier et de mèches huilées;Orel Vant (Palyr);542-XI-03;542-XI-25;I;2'600 couronnes;52 couronnes;Exécuté, soldé, classé;registre_UBI_Contrats_courant.md
CO-II-542-003;courant;Contrat commercial;Arthas ↔ Il-Irion;Fourniture de dalles de marbre veiné, colonnettes et chaux fine;Arthas ↔ Il-Irion;542-XII-01;;II;;;Courant;registre_UBI_Contrats_courant.md
CO-IV-542-007;courant;Contrat commercial;Arthas ↔ Ther-Félis;Vente couverte de cristaux d'écoute, sels de narcose et fioles de mémoire à un courtier lié à Aquiléas;Arthas ↔ Ther-Félis;542-XII-01;;IV;;;Courant;registre_UBI_Contrats_courant.md
SE-I-543-007;courant;Contrat de service;Il-Irion ↔ Palyr;Reliure de deux registres de quittances endommagés;Tovan Ilmari (Il-Irion);543-II-12;543-III-02;I;1'100 couronnes;22 couronnes;Exécuté, soldé, classé;registre_UBI_Contrats_courant.md
CO-I-543-008;courant;Contrat commercial;Arthas ↔ Sfaal;Vente de manches d'outils et d'établis simples;Bastion Kharvek (Arthas);543-III-04;543-III-28;I;2'800 couronnes;56 couronnes;Exécuté, soldé, classé;registre_UBI_Contrats_courant.md
EN-I-543-009;courant;Convention d'entrepôt;Ther-Félis ↔ Palyr;Location d'une cellule sèche pour ballots de toile et cordages;Odran Veyl (Ther-Félis);543-V-16;543-IX-16;I;1'700 couronnes;34 couronnes;Exécuté, soldé, classé;registre_UBI_Contrats_courant.md
RD-III-543-004;courant;Avenant reconnaissance;Il-Irion ↔ Arthas;"Extension schéma 542 ; ~18 000 couronnes ; bénédiction Melian Torv";Conseil sortant UBI (Il-Irion);543-VI-03;;III;;;Courant;registre_UBI_Contrats_courant.md
CP-III-543-001;courant;Correspondance compromettante;Dame Lysara Valdris ↔ Maître Aldric Portmaster;Lettre de chantage révélant des surtaxes portuaires illégales et détournement de 1500 pièces d'or;Déposant anonyme (origine inconnue);543-VI-05;;III;;;Courant;registre_UBI_Contrats_courant.md
TR-I-543-006;courant;Contrat de transport;Ther-Félis ↔ Arthas;Transport de caisses de cordages, poulies et toiles de réparation;Odran Veyl (Ther-Félis);543-VI-18;543-VII-10;I;2'400 couronnes;48 couronnes;Exécuté, soldé, classé;registre_UBI_Contrats_courant.md
SE-III-543-011;courant;Contrat de service;Ther-Félis ↔ Guilde des Ports Unis;Sous-traitance du transit fer Sfaal–Ther-Félis–Palyr ; redevance fixe 800 écus/an ; cadre 543–547;Jonn Halet (Ther-Félis);543-VI-22;547-VI-21;III;800 couronnes;16 couronnes;En vigueur;registre_UBI_Contrats_courant.md
DE-IV-543-012;courant;Contrat de dette;Il-Irion ↔ Arthas;Prêt bilatéral scellé privé de 50 000 écus ; intérêt 7 % ; routes continentales ; échéance 547;Odran Calev (Il-Irion);543-VIII-03;547-XI-30;IV;50'000 écus;1'000 écus;En vigueur;registre_UBI_Contrats_courant.md
DE-IV-543-011;courant;Contrat de dette;Il-Irion ↔ Ther-Félis;Prêt bilatéral scellé privé de 50 000 écus ; intérêt 7 % ; échéance 547;Odran Calev (Il-Irion);543-VIII-08;547-XI-30;IV;50'000 écus;1'000 écus;En vigueur;registre_UBI_Contrats_courant.md
EC-I-543-010;courant;Contrat d'exclusivité;Sfaal ↔ Arthas;Première offre sur des lots de charbon sec pendant quatre mois;Sorna Kelveg (Sfaal);543-VIII-21;543-XII-21;I;3'500 couronnes;70 couronnes;Exécuté, soldé, classé;registre_UBI_Contrats_courant.md
DE-IV-543-005;courant;Contrat de dette;Palyr ↔ Arthas;Avance bancaire dissimulée pour solder une rançon militaire et éviter la publication d'ordres contradictoires;Palyr ↔ Arthas;543-XI-07;;IV;;;Courant;registre_UBI_Contrats_courant.md
DE-IV-543-001;courant;Contrat de dette;Il-Irion ↔ Ther-Félis;Avance bancaire dissimulée pour solder une rançon militaire et éviter la publication d'ordres contradictoires;Il-Irion ↔ Ther-Félis;543-XII-07;;IV;;;Courant;registre_UBI_Contrats_courant.md
SE-I-544-007;courant;Contrat de service;Ther-Félis ↔ Il-Irion;Tri de reçus de quai;Marda Velyss (Ther-Félis);544-II-07;544-II-25;I;950 couronnes;19 couronnes;Exécuté, soldé, classé;registre_UBI_Contrats_courant.md
DF-IV-544-004;courant;Contrat de défense;Arthas ↔ Sfaal;Transfert secret de lames de siège, ressorts d'arbalètes lourdes et plans de tour mobile vers un relais proche de la Styrgie;Arthas ↔ Sfaal;544-III-03;;IV;;;Courant;registre_UBI_Contrats_courant.md
CO-I-544-006;courant;Contrat commercial;Sfaal ↔ Il-Irion;Vente de barres de fer doux pour coffres et ferrures de comptoir;Jabren Feld (Sfaal);544-IV-09;544-V-02;I;3'100 couronnes;62 couronnes;Exécuté, soldé, classé;registre_UBI_Contrats_courant.md
PR-IV-544-005;courant;Contrat de protection;Il-Irion ↔ Ther-Félis;Protection de témoins militaires avant effacement d'un dépôt d'armes non déclaré;Il-Irion ↔ Ther-Félis;544-IV-15;;IV;;;Courant;registre_UBI_Contrats_courant.md
EN-I-544-009;courant;Convention d'entrepôt;Arthas ↔ Il-Irion;Location d'une alcôve d'entrepôt pour serrurerie civile;Bastion Kharvek (Arthas);544-V-02;544-IX-02;I;1'800 couronnes;36 couronnes;Exécuté, soldé, classé;registre_UBI_Contrats_courant.md
CC-III-544-002;courant;Correspondance commerciale;Maître Halwen Rask (Staal) → chroniqueur;Complaisance éditoriale sur récit de chute du patriarche marchand Orrin Malet;Saisie réseau Sangs (Sangs de la Steppe);544-VI-21;;III;;;Courant;registre_UBI_Contrats_courant.md
AL-IV-544-001;courant;Contrat d'alliance;Il-Irion ↔ Palyr;Alliance industrielle pour produire des pièces de baliste sous couvert de réparation navale;Il-Irion ↔ Palyr;544-VIII-17;;IV;;;Courant;registre_UBI_Contrats_courant.md
EC-I-544-010;courant;Contrat d'exclusivité;Il-Irion ↔ Palyr;Première offre sur des coffrets de rangement;Ryliane Sorne (Il-Irion);544-IX-15;544-XII-15;I;3'200 couronnes;64 couronnes;Exécuté, soldé, classé;registre_UBI_Contrats_courant.md
TR-I-544-008;courant;Contrat de transport;Palyr ↔ Sfaal;Transport de caisses de papier huilé et d'encre noire;Ilara Vandesse (Palyr);544-X-18;544-XI-08;I;2'100 couronnes;42 couronnes;Exécuté, soldé, classé;registre_UBI_Contrats_courant.md
CO-II-545-001;courant;Contrat commercial;Sfaal ↔ Palyr;Fourniture de 10 tonnes d'acier pour 1 500 couronnes;Duc Thoren Forgefer (Sfaal);545-I-01;;II;;;Courant;registre_UBI_Contrats_courant.md
SE-I-545-009;courant;Contrat de service;Sfaal ↔ Il-Irion;Copie de bordereaux de pesée abîmés par l'humidité;Sorna Kelveg (Sfaal);545-II-11;545-II-28;I;1'250 couronnes;25 couronnes;Exécuté, soldé, classé;registre_UBI_Contrats_courant.md
EC-I-545-008;courant;Contrat d'exclusivité;Palyr ↔ Ther-Félis;Première offre sur des lots de toile épaisse pendant six mois;Orel Vant (Palyr);545-III-14;545-IX-14;I;4'000 couronnes;80 couronnes;Exécuté, soldé, classé;registre_UBI_Contrats_courant.md
CP-IV-545-013;courant;Correspondance compromettante;Dorian Marest ↔ Aquilea;Convention de financement de campagne UBI et échange de renseignements par billets séparés ; scellé privé;Dorian Marest (Ther-Félis);545-III-14;548-II-28;IV;18'500 couronnes;370 couronnes;En vigueur;registre_UBI_Contrats_courant.md
TR-I-545-011;courant;Contrat de transport;Il-Irion ↔ Sfaal;Transport de cire, registres vierges et plombs de scellement;Ryliane Sorne (Il-Irion);545-V-08;545-IX-01;I;2'300 couronnes;46 couronnes;Exécuté, soldé, classé;registre_UBI_Contrats_courant.md
AL-IV-545-003;courant;Contrat d'alliance;Sfaal ↔ Il-Irion;Alliance industrielle pour produire des pièces de baliste sous couvert de réparation navale;Sfaal ↔ Il-Irion;545-VIII-02;;IV;;;Courant;registre_UBI_Contrats_courant.md
EN-I-545-012;courant;Convention d'entrepôt;Palyr ↔ Arthas;Location d'une réserve pour bois sec et chevilles;Ilara Vandesse (Palyr);545-VIII-03;545-XII-03;I;1'900 couronnes;38 couronnes;Exécuté, soldé, classé;registre_UBI_Contrats_courant.md
PR-IV-545-002;courant;Contrat de protection;Il-Irion ↔ Arthas;Protection de témoins militaires avant effacement d'un dépôt d'armes non déclaré;Il-Irion ↔ Arthas;545-IX-25;;IV;;;Courant;registre_UBI_Contrats_courant.md
CO-I-545-010;courant;Contrat commercial;Ther-Félis ↔ Arthas;Vente de rouleaux de toile goudronnée pour ateliers civils;Odran Veyl (Ther-Félis);545-X-22;545-XI-15;I;2'700 couronnes;54 couronnes;Exécuté, soldé, classé;registre_UBI_Contrats_courant.md
SE-IV-545-007;courant;Contrat de service;Palyr ↔ Ther-Félis;Copie nocturne de registres de vote, mandats de saisie et correspondances avec des agents tchélènes;Palyr ↔ Ther-Félis;545-X-27;;IV;;;Courant;registre_UBI_Contrats_courant.md
CC-II-545-004;courant;Correspondance commerciale;UBI → Ther-Félis;"Troisième relève de taux sur prêt parallèle ; non déposé au registre ouvert";Trésorerie sortante UBI (Il-Irion);545-XI-11;;II;;;Courant;registre_UBI_Contrats_courant.md
FL-III-545-002;courant;Fragment de lettre;Melian Torv → Palyr (initiale « L. »);"Prêts parallèles 542–543, relève 545 ; offre de fuite chiffrée à Palyr avant consolidation — pression sur Edorian";Saisie réseau Sangs (Sangs de la Steppe);545-XII-30;;III;;;Courant;registre_UBI_Contrats_courant.md
DE-II-546-001;courant;Contrat de dette;Il-Irion ↔ Palyr;Prêt de 2000 ducats pour chantiers navals et production d'armes;Seigneur Aldric Ventoss (Il-Irion);546-I-01;;II;;;Courant;registre_UBI_Contrats_courant.md
SE-I-546-011;courant;Contrat de service;Arthas ↔ Ther-Félis;Nettoyage et contrôle de coffres de dépôt;Marra Kesh (Arthas);546-II-09;546-II-27;I;1'000 couronnes;20 couronnes;Exécuté, soldé, classé;registre_UBI_Contrats_courant.md
CO-I-546-012;courant;Contrat commercial;Palyr ↔ Il-Irion;Vente d'armoires de classement et de tables de tri;Orel Vant (Palyr);546-III-17;546-X-12;I;2'900 couronnes;58 couronnes;Exécuté, soldé, classé;registre_UBI_Contrats_courant.md
AL-IV-546-005;courant;Contrat d'alliance;Palyr ↔ Ther-Félis;Alliance industrielle pour produire des pièces de baliste sous couvert de réparation navale;Palyr ↔ Ther-Félis;546-V-25;;IV;;;Courant;registre_UBI_Contrats_courant.md
MN-IV-546-001;courant;Contrat de mandat;Arthas ↔ Sfaal;Mandat secret donné à un prête-nom pour acheter vivres, étoffes et poudres au bénéfice d'une troupe non déclarée;Arthas ↔ Sfaal;546-VI-25;;IV;;;Courant;registre_UBI_Contrats_courant.md
TR-I-546-013;courant;Contrat de transport;Ther-Félis ↔ Palyr;Transport de ballots de toile et de cordage;Odran Veyl (Ther-Félis);546-VII-29;546-IX-18;I;2'400 couronnes;48 couronnes;Exécuté, soldé, classé;registre_UBI_Contrats_courant.md
EN-I-546-010;courant;Convention d'entrepôt;Arthas ↔ Sfaal;Mise à disposition d'une travée sèche pour charbon et outils de forge;Bastion Kharvek (Arthas);546-VIII-07;546-XI-07;I;1'600 couronnes;32 couronnes;Exécuté, soldé, classé;registre_UBI_Contrats_courant.md
EC-I-546-014;courant;Contrat d'exclusivité;Sfaal ↔ Il-Irion;Première offre sur des lots de charbon tamisé;Sorna Kelveg (Sfaal);546-VIII-14;546-XII-14;I;3'600 couronnes;72 couronnes;Exécuté, soldé, classé;registre_UBI_Contrats_courant.md
PB-IV-546-009;courant;Contrat de prêt bancaire;UBI ↔ Il-Irion;Prêt bancaire pour avance d'exécution liée au contrat MN-IV-546-003 : mandat secret donné à un prête-nom pour acheter vivres, étoffes et poudres au bénéfice d'une troupe non déclarée;UBI ↔ Il-Irion;546-VIII-25;;IV;;;Courant;registre_UBI_Contrats_courant.md
CP-III-546-002;courant;Correspondance compromettante;Expéditeur anonyme ↔ Maître Silas le Graveur;Lettre de demande de copie du sceau officiel de Sfaal pour falsification, rémunération de 200 pièces d'or;Déposant anonyme (origine inconnue);546-XI-20;;III;;;Courant;registre_UBI_Contrats_courant.md
SE-II-546-008;courant;Contrat de service;Ther-Félis ↔ Guilde des Ports Unis;Sous-traitance du transport maritime du fer sur le trajet Sfaal–Ther-Félis, première étape du transit prévu vers Palyr;Rauth Kaelmar (Ther-Félis);546-XII-18;;II;;;Courant;registre_UBI_Contrats_courant.md
CO-II-547-001;courant;Contrat commercial;Sfaal ↔ Palyr;Fourniture de 20 tonnes de fer avec système de sceau de sécurité pour garantir l'authenticité et la qualité;Duc Thoren Forgefer (Sfaal);547-I-01;;II;;;Courant;registre_UBI_Contrats_courant.md
SE-I-547-024;courant;Contrat de service;Il-Irion ↔ Palyr;Tri et copie de reçus de change usés;Ryliane Sorne (Il-Irion);547-III-06;547-III-25;I;900 couronnes;18 couronnes;Exécuté, soldé, classé;registre_UBI_Contrats_courant.md
DF-IV-547-002;courant;Contrat de défense;Il-Irion ↔ Ther-Félis;Transfert secret de lames de siège, ressorts d'arbalètes lourdes et plans de tour mobile vers un relais proche de la Styrgie;Il-Irion ↔ Ther-Félis;547-III-22;;IV;;;Courant;registre_UBI_Contrats_courant.md
CO-I-547-025;courant;Contrat commercial;Arthas ↔ Palyr;Vente de ferrures de porte et de charnières civiles;Bastion Kharvek (Arthas);547-IV-18;547-X-09;I;2'200 couronnes;44 couronnes;Exécuté, soldé, classé;registre_UBI_Contrats_courant.md
TR-I-547-026;courant;Contrat de transport;Sfaal ↔ Ther-Félis;Transport de caisses d'outils de quai et de chaînes courtes;Jabren Feld (Sfaal);547-V-02;547-V-20;I;1'800 couronnes;36 couronnes;Exécuté, soldé, classé;registre_UBI_Contrats_courant.md
TR-IV-547-001;courant;Contrat de transport;Il-Irion ↔ Sfaal;Transport sans pavillon de coffres, cartes côtières et lingots destinés à un port aquiléen;Il-Irion ↔ Sfaal;547-VI-26;;IV;;;Courant;registre_UBI_Contrats_courant.md
EN-I-547-027;courant;Convention d'entrepôt;Il-Irion ↔ Arthas;Location d'une armoire scellée pour matrices de compte et liasses vierges;Tovan Ilmari (Il-Irion);547-IX-11;;I;1'500 couronnes;30 couronnes;En vigueur;registre_UBI_Contrats_courant.md
EC-I-547-028;courant;Contrat d'exclusivité;Palyr ↔ Sfaal;Première offre sur des lots de bois sec pour caisses de transport;Ilara Vandesse (Palyr);547-IX-18;;I;3'100 couronnes;62 couronnes;En vigueur;registre_UBI_Contrats_courant.md
DF-IV-547-016;courant;Contrat de défense;Arthas ↔ Empire Tchélène;Commerce militaire secret d'armes, pièces d'entretien et fournitures stratégiques pour les autorités impériales;Arthas ↔ Empire Tchélène;547-X-04;;IV;;;Courant;registre_UBI_Contrats_courant.md
CH-II-547-017;courant;Charte d’approvisionnement;Conseil des Oblats ↔ Sfaal;Monopole courant de Sfaal sur le fer et l’acier brut des Cinq Cités;Conseil des Oblats;547-X-11;;II;;;Courant;registre_UBI_Contrats_courant.md
CC-II-547-018;courant;Convention commerciale confidentielle;Maison Aliriis (Sfaal) ↔ Styrgie;Fourniture discrète d’acier de Sfaal à la Styrgie sous registre scellé standard;Maison Aliriis (Sfaal);547-X-12;;II;;;Courant;registre_UBI_Contrats_courant.md
CC-II-547-019;courant;Convention commerciale confidentielle;Maison Guelendag (Sfaal) ↔ Aquiléa;Fourniture discrète d’acier de Sfaal à Aquiléa sous registre scellé standard;Maison Guelendag (Sfaal);547-X-13;;II;;;Courant;registre_UBI_Contrats_courant.md
MN-II-547-020;courant;Convention de mandat;Maison Jab-Fer (Sfaal) ↔ Sangs des Steppes;Protection discrète de dépôts d’acier des quais de Sfaal;Maison Jab-Fer (Sfaal);547-X-14;;II;;;Courant;registre_UBI_Contrats_courant.md
CH-II-547-021;courant;Charte de forge;Conseil des Oblats ↔ Arthas;Charge officielle d’Arthas pour la forge et la fourniture des armes des Cinq Cités;Conseil des Oblats;547-X-15;;II;;;Courant;registre_UBI_Contrats_courant.md
DF-II-547-022;courant;Accord de fourniture;Arthas ↔ Styrgie;Fourniture scellée d’armes et pièces métalliques à la Styrgie sous registre standard;Valerian Marvek (Arthas);547-X-16;;II;;;Courant;registre_UBI_Contrats_courant.md
MN-II-547-023;courant;Convention de mandat;Arthas ↔ Fraternité des Sangs des Steppes;Circulation commerciale et protection de cargaisons d’Arthas sur routes continentales;Valerian Marvek (Arthas);547-X-17;;II;;;Courant;registre_UBI_Contrats_courant.md
